name,address,lat,lon,telephone,persistent_cluster,label,id_dashmote
Rays Pizza,"Ray's Pizza Riverside, 1201 University Ave, Riverside, CA 92507, USA",33.9768529,-117.33784809999999,+1 (951) 274-4700,15399,26.0,8e447812-56df-4d53-93bf-ece2afb477f5
Mamma Rosa's Son Deli and Catering,,41.029948,-73.76373000000002,9149970418,268,53.0,71f682f7-bef6-4812-94ee-dd756b21b30e
BGR Burgers Grilled Right,"1202 Wilmington Ave, Salt Lake City, UT 84106, USA",40.72278789999999,-111.85640759999998,,7004,41.0,55222600-0fbb-40e1-8e3e-059193df5dd9
Rainbow Burrito,"1450 Ala Moana Blvd, Honolulu, HI 96814",21.291081,-157.84309109999995,+18089463636,5919,67.0,3e36d40c-ff1d-4728-8c7b-31e8f37f9f2a
Neon Beach,"131 North Orange Avenue 104, Orlando, FL 32801",28.544333470999998,-81.3788020924,+14077359168,7683,1.0,899b54c6-4f08-4a1f-93f7-6fa215b7da1a
Gran Forno Pronto,"Gran Forno Pronto, 704 E Las Olas Blvd, Fort Lauderdale, FL 33301, USA",26.119068600000002,-80.13615490000002,+1 (954) 533-6276,4180,42.0,07ddec9b-b802-4f2d-904b-844e081f22d7
PLNT Burger - Georgetown,"2715 Pennsylvania Avenue Northwest, Washington, DC 20007",38.90506,-77.05671,+12029336057,4452,46.0,91d10c30-58ea-4083-811c-17291dad293e
CAÑA,"530 Lake Park Ave, Oakland, CA 94610, USA",37.810396000000004,-122.24652549999999,+1 (510) 832-1515,4189,21.0,9034ce08-731e-4b21-84e2-7bbebae8364f
Zimbu,"28 S State St, Salt Lake City, UT 84111",40.768809999999995,-111.88857,+18017558683,8713,4.0,127a164d-4ee7-4017-9839-66851efc6817
Anar,,41.02789688,-73.76773072,9144379596,268,87.0,5487146a-ea64-4ecc-bceb-dbb61d1b47e5
Mother's Federal Hill Grille,"1113 South Charles Street, Baltimore, MD 21230",39.27645,-76.61399999999998,+14102448686,2572,2.0,b860d463-311c-4553-b90e-91dd97e57bf9
Z Prime Italian Steakhouse,,41.0296173,-73.76392365,9146820011,268,55.0,0c7f2cc4-a5a2-419f-9d8d-3c878739cc41
Genki Sushi,,21.2904911,-157.84489440000004,8089429102,5919,13.0,455392ba-9012-4e41-bb17-4b69754dc8b6
Osteria al Volo,"1790 Columbia Rd Nw, Washington, DC 20009",38.922684000000004,-77.042165,+12027580759,3276,5.0,10ea5c3d-ebae-41b8-9004-c63bcd3b40f3
Mike & Dee's Diner,,41.50018692,-81.68876648,2166211505,3240,7.0,2ff109cf-45b6-4b79-b08c-fc0f57a08856
Applebee's,,40.7555809,-73.92253113,7189437404,3210,44.0,d36a2576-129f-464a-8584-0b115751ad16
Butters Burgers Llc,,27.94989013,-82.46025849,8132212500,12148,65.0,892cee17-969e-4da9-9158-7365b34124ac
Amsterdam Falafelshop (Adams Morgan),"2425 18th St Nw, Washington, DC 20009",38.92118320000001,-77.0418991,+12022341969,3276,22.0,150b75c5-1160-4ee2-ad97-3f7c2ae685c1
Jubilee Juice,"Jubilee Juice & Grill, 140 N Halsted St, Chicago, IL 60661, USA",41.8840501,-87.6476932,+1 (312) 491-8500,6994,71.0,0e65b785-e9da-4c27-8250-cb72ebc2e7b1
Zao Asian Cafe,"Zao Asian Cafe, 2227 Highland Dr Suite E2, Salt Lake City, UT 84106, USA",40.7221995,-111.8574638,+1 (801) 467-4113,7004,40.0,478804e0-b958-4698-b643-a27314d35575
Grand Central DC,"2447 18th St NW, Washington, DC 20009, USA",38.9217871,-77.04206070000002,+1 (202) 986-1742,3276,65.0,4105a46b-8649-41fc-8660-6aeb21336885
Taqueria El Rodeo (Baltimore),"1101 Light Street, Baltimore, MD 21230",39.27697,-76.61213000000002,+12409077682,2572,9.0,9f301832-7cc6-4f6c-a752-b4de1dd92353
Eddie & Sam's NY Pizza,"203 E Twiggs St, Tampa, FL 33602, USA",27.9487869,-82.4591195,,12148,54.0,3eb5a940-376e-4fef-b3d3-e1178a3b603c
El Patio Fresh Mexican Grill,,38.54342651,-121.74092865,5302315658,808,50.0,bf0da3d1-e555-434d-86f4-91f0bd149921
Roti,"1012 W Randolph St, Chicago, IL 60607, USA",41.8845958,-87.6528173,+1 (312) 858-8298,6994,31.0,cbdbae38-dd18-4446-a657-f66794ca1a04
Do-Rite Donuts & Chicken (Morgan & Lake),"181 N Morgan St, Chicago, IL 60607",41.8854385,-87.652232,+13126248878,6994,44.0,bae2bf71-55c6-455d-982c-00aadc9551f7
Sky Thai Sushi,"350 E Las Olas Blvd, Fort Lauderdale, FL 33301",26.118734600000003,-80.1396213,+19549939889,4180,18.0,2b1c4d90-d766-4ca4-a278-bba59aaa5c75
Smoke & Barrel,"2471 18 St Nw, Washington, DC 20009",38.922286,-77.04221700000002,+12023199353,3276,71.0,e0536ecb-bf05-4c46-ac6f-c7563a3dfc56
Preethi Indian Cuisine,"715 2nd St, Davis, CA 95616, USA",38.54373029999999,-121.73918229999998,+1 (530) 759-2040,808,33.0,7e0ecda3-012d-4898-91a6-52acd0bc9a5a
"Firenza Pizza (Los Angeles, CA)","300 South Grand Avenue, Los Angeles, CA 90071",34.05280359,-118.25120120000001,12136878999,1627,36.0,22c8e685-5669-4c11-89a3-4f5ee07e1e55
Shannon's On Pine,"209 Pine Ave, Long Beach, CA 90802",33.7695271,-118.1927156,+15624364363,756,88.0,fc93f91a-8947-4025-a136-1bd23e8945a3
Au Bon Pain Catering,,41.50138092,-81.6895752,8007654227,3240,63.0,4181e182-1f2b-4974-8264-fa3e2567b208
Momotaro,,41.88588714,-87.64845276,3127334818,6994,95.0,88ef7fa5-a8a0-4fae-812e-b88475d1a5b6
The Chocolate Chip Bakery,"166 Northeast 29th Street, Miami, FL 33137",25.803913,-80.192205,+17863277320,981,31.0,ea6f568f-0bd9-4507-904d-8a79e3cf9787
SpaHa Soul,,40.79806518,-73.93669129,3474637387,7424,73.0,0d3824ab-b1d9-40b3-b554-a6b93ff60a2a
Saffron Indian Cuisine,,40.7573291,-73.9156708,7182556310,3210,195.0,a793cf2e-4478-41ab-9e1b-ab85a34cec12
Tanaka Ramen & Izakaya,,21.291061399999997,-157.8434754,8084000506,5919,48.0,a2c23309-08f1-4043-b065-acd2e314e5d5
ching ching cha,"Ching Ching Cha, 1063 Wisconsin Ave NW, Washington, DC 20007, USA",38.9043775,-77.0625675,+1 (202) 333-8288,4452,66.0,21cded50-ea25-4e6d-9cb3-fa0906ea0c37
NY Style Halal Food Truck,"411 N Florida Ave, Tampa, FL 33602",27.948624300000002,-82.4570441,+18137569339,12148,35.0,8f4bf947-e0e4-4948-9d60-c0ca7a7486aa
Rolling Dunes,"3331 Lakeshore Ave, Oakland, CA 94610",37.810983,-122.243804,+15108363863,4189,56.0,588d77e5-e029-4537-82d7-e526d0ac0644
CFS Coffee,"CFS Coffee Downtown, 54 W Church St suite 150 s, Orlando, FL 32801, USA",28.540177399999997,-81.38011800000002,+1 (407) 776-2900,7683,73.0,63014cdc-11c9-4d18-ab70-af96ea4ca5a4
The Freakin Rican,"43-06 34th Ave, Long Island City, NY 11101, USA",40.7552813,-73.9183119,+1 (929) 349-1080,3210,154.0,2f6bdef8-c937-40b0-b0bf-96b41be6c826
Mintwood Place,"1813 Columbia Rd NW, Washington, DC 20009, USA",38.922112,-77.0435608,+1 (202) 234-6732,3276,30.0,bc1c080d-c484-4a88-938a-9a7041a0b87c
Deosburger,,40.75893402,-73.92087555,9179433634,3210,116.0,9e0de932-7e72-4812-9f58-f28c58db750d
El Centro,"1218 Wisconsin Ave NW, Washington, DC 20007, USA",38.9056821,-77.0630348,+1 (202) 333-4100,4452,21.0,0af7cc8c-5865-47f4-9b99-10224080ee85
Kava Culture Kava Bar,,27.94890213,-82.45881653,8139991179,12148,46.0,6f00fc80-6885-4c08-a9d8-4b4e80a30d68
Get Yolked! (B-Fast Power Bowls) (431 South Street),"431 South Street, Philadelphia, PA 19147",39.94192,-75.15024,+12675193905,1186,66.0,da0d1bdd-0357-4741-accc-4c31cc67f02c
La Chula,,40.798926,-73.941598,6465903975,7424,10.0,3e68336e-a1d9-43b6-adb7-3a61f57a50c9
Aja Sushi & Bento,,21.29129791,-157.84338380000003,8083947633,5919,73.0,72e286fd-1658-4974-a1fc-1d78a86a580d
BomboBar,"832 W Randolph St, Chicago, IL 60607",41.884689,-87.64882800000002,+13129677000,6994,64.0,d2b92a2d-e10d-4c96-8ce2-ccb1c391c9c9
Panini's Gateway,,41.49860763,-81.68563843,2165221510,3240,33.0,ad89f3a9-5b5a-46b1-9483-18f838f0ddb5
Spacycloud,,38.91999083,-77.04151326,7034034134,3276,44.0,306e1627-6cfc-4f3e-8c27-bd6cd2471760
Popeyes (silver spring),"1742 Columbia Rd Nw, Washington, DC 20009",38.923919399999996,-77.0404145,+12028493753,3276,12.0,94ca5523-f5bc-4a3e-9763-c6da001db708
Pizza Boli's (East Cross St.),"13 E Cross St, Baltimore, MD 21230",39.2765015,-76.6136856,+14107521500,2572,3.0,9b690570-e59c-44ca-9e25-c05cc805bcfc
La Josie,"740 W Randolph St, Chicago, IL 60661, USA",41.88450711,-87.64719475,+1 (312) 929-2900,6994,77.0,65d84f75-43f1-4041-9e9e-6f52dc43ce0c
California Pizza Kitchen,"Popoki Massage/TK World, 1450 Ala Moana Blvd #1227, Honolulu, HI 96814, USA",21.29040097,-157.842751,+1 (808) 941-7715,5919,38.0,3f9ddd71-cdc1-41cd-b509-70a279be6376
Brangus Brazilian Steakhouse,"161 Northeast 27th Street, Miami, FL 33137",25.8029385221,-80.191531131,+14075496071,981,35.0,d13f1485-4683-413e-8814-8471dbc5df80
Mi Linda Nicaragua,,39.94195175,-75.15318299,2158214380,1186,104.0,bc41d60e-65ff-4553-9343-491247c5f812
Devia Juice Bar,,25.80175209,-80.19132233,3474454682,981,52.0,f7556eb4-d447-4ed5-9c35-7fcda63816ad
Chop & Go,,41.033471,-73.7643,9143585899,268,9.0,8d60568c-3da0-4de8-9bea-1e059b1765eb
The Stand (CENTURY CITY),"2000 Avenue Of The Stars, Los Angeles, CA 90067",34.05819,-118.41467,+13107850400,10896,12.0,c8f1fed4-3712-4c6c-9cfe-2ffc572a3bab
Levain Bakery,"3131 M St NW, Washington, DC 20007, USA",38.9054506,-77.0620454,+1 (202) 843-9340,4452,58.0,e99c1adf-26c0-46fd-8bb2-83ec6d38cede
7-Eleven (1 N Rosalind Ave),"1 N Rosalind Ave, Orlando, FL 32801",28.542309999999997,-81.37575,+14078495988,7683,28.0,58429d37-d728-4f6a-8c24-0452202db3dd
LADUREE,"3060 M Street Northwest, Washington, DC 20007",38.90508,-77.06078000000002,+12029486350,4452,12.0,1feeeddf-265f-4b44-9155-218db558a24b
Haiku Asian Bistro & Sushi Bar,"149 Mamaroneck Ave, White Plains, NY 10601, USA",41.0290521,-73.76480179999999,+1 (914) 644-8887,268,66.0,7b6892ab-a479-449e-af16-b75c26d11b67
Captiv8,,41.49981307,-81.68709565,7742020097,3240,4.0,3d12e5c8-dcc1-41ef-9047-3aefc8c7a63b
Maria D's Sub Shop,,39.277840999999995,-76.61261800000003,4107275430,2572,62.0,4b8685a9-d995-4469-b303-b816bcaad686
Starbucks (127 Public Square),"127 Public Sq, Lobby, Cleveland, OH 44114",41.5007946,-81.6942144,+12167814180,3240,91.0,cae580c0-6a1c-44e5-a8d3-0a5d9f341479
M2O Burgers & Salads,"701 S 5th St, Philadelphia, PA 19147, USA",39.9402821,-75.1508793,+1 (267) 930-8388,1186,94.0,0feeb58b-65c1-41a8-a7d2-7a138345b2ea
Embers,,28.54187965,-81.37976838,4078495200,7683,46.0,11ef7487-f373-49c8-89c2-5a1259f25f40
Hoffman's Chocolates (Las Olas),"601 E Las Olas Blvd, Fort Lauderdale, FL 33301",26.11919,-80.13729000000002,+19549404913,4180,37.0,b2a7feb0-26af-4d81-a284-65aeff66eb2a
Kumi - West Loop,"945 W Randolph St, Chicago, IL 60607",41.88405,-87.65179,+13122269919,6994,17.0,e978f3cb-23af-42f2-9e4b-adc4783d51a3
Ultimate Burger & Pizza,,39.27656070000001,-76.61323561,4103852131,2572,16.0,2cafcecf-fc17-4415-8f96-227d398dfbcf
Kebab Skewers Land,,34.05247116,-118.25187679999999,7148689670,1627,48.0,309eda27-92e1-40ea-994a-1251b2b8fce7
The 8X10,,39.27702713,-76.61385346,4106252000,2572,33.0,faa7600a-ae28-4eac-a7ad-ece6ea564a21
Panda Express,"350 S Grand Ave, 350 South Grand Avenue, Los Angeles, CA 90071, USA",34.05169,-118.2516,,1627,12.0,4ed2b6ad-ce80-4786-9940-b23eb5642849
The Dog Pub,,39.27708435,-76.61354828,4107276077,2572,25.0,d9bb6e1c-79e7-4555-bb13-31599cb701cb
Georgetown Wing Co.,"1070 Wisconsin Ave Nw, Washington, DC 20007",38.90468,-77.06288,+12028470953,4452,31.0,29558e01-dd75-4fa7-8c20-73433ad7fd1e
Boston Pizza and Restaurant,,40.759192999999996,-73.918825,7185456001,3210,150.0,d378642f-635c-4f9c-b70b-6325a14151fb
Kernels By Chrissie,"Kernels by Chrissie, 530 Euclid Ave, Cleveland, OH 44115, USA",41.49973,-81.689552,,3240,56.0,6bddbef4-ce5c-416f-a546-c9494e1de1fc
Panera Bread,"3801 35th Ave, Long Island City, NY 11101, USA",40.755527,-73.92249,,3210,41.0,49e3990c-6eca-4711-bb41-a1b71a88253c
spacycloud,"sPACYcLOUd Lounge, 2309 18th St NW, Washington, DC 20009, USA",38.919995,-77.0415422,+1 (703) 403-4134,3276,44.0,306e1627-6cfc-4f3e-8c27-bd6cd2471760
Teng Dragon,,40.79611587,-73.93500519,9293299654,7424,47.0,a1eb041c-c942-40ff-862b-5d1bd0b55c7f
Pronto On Las Olas,,26.11903762,-80.13625336,9545336276,4180,42.0,07ddec9b-b802-4f2d-904b-844e081f22d7
Jersey Mike's Subs (1201 University Avenue),"1201 University Avenue, Riverside, CA 92507",33.976031799999994,-117.3375586,+19512899541,15399,27.0,05625b69-7344-422f-99a0-1bbff0091d94
Argentino Las Olas,"813 E Las Olas Blvd, Fort Lauderdale, FL 33301",26.119477,-80.13488199999998,+19545339178,4180,46.0,8ea6d477-d67f-47ff-b5af-7187f7022848
Johnny’s,,41.88484954,-87.64772797,3122267769,6994,80.0,1ff9773f-eefd-4572-abe9-838948b64583
PURVÈ Donut Stop,"1234 Kona St, Honolulu, HI 96814",21.294249100000002,-157.84727780000003,+18082003978,5919,104.0,7aac7b75-5f17-4e0d-933e-51d5fd4cc4eb
Izakaya UOSAN,,21.2950344,-157.84764099999995,8082005077,5919,113.0,8c3399b5-fe1e-4eea-9c4d-dfc43664c878
Cauliflower & Pizza,"Lorenzo's of New York Pizza, 536 Lake Park Ave, Oakland, CA 94610, USA",37.8102982,-122.2465253,+1 (855) 369-9428,4189,10.0,acd41df0-e73d-4fd9-a667-06dc600cc274
The Hungry Greek,"Haiku Tampa, 808 N Franklin St, Tampa, FL 33602, USA",27.95097,-82.45955,+1 (813) 443-2251,12148,76.0,576db888-e6ff-4909-a168-af905ce6cb9b
Nocturnal Eats (Pine Street),,33.76998901,-118.19294740000002,2134411190,756,53.0,6d061621-df8e-4222-abc7-b722d83c9606
Charlie's Chicken Wings,"205 22nd Ave N, Nashville, TN 37203, USA",36.15191770000001,-86.8041292,+1 (615) 329-2979,6378,18.0,558e27c5-581f-4ccd-9cbc-a736f046aca1
Burger Village,,40.75886535,-73.91828919,9292969700,3210,203.0,633b3352-c98d-4584-b9b8-d4d6c97b7696
Cafe Coco,"210 Louise Ave, Nashville, TN 37203",36.1518653,-86.8049736,+16153212626,6378,16.0,c298977d-92db-42b6-b100-6bd8da34ef39
Good Stuff Eatery,"3291 M St Nw, Washington, DC 20007",38.9052967,-77.0657537,+12023374663,4452,38.0,a83e9fd9-a1cd-400d-9541-d21a4b3417b8
Vegan Mob,"Vegan Mob - Vegan BBQ and Soul Food, 500 Lake Park Ave, Oakland, CA 94610, USA",37.810552799999996,-122.24702099999999,+1 (415) 513-5120,4189,18.0,c1830faf-7c24-469b-a1fb-4904d9f6000d
Mars Kitchen Restaurant and Bar,"Mar's, 34-21 34th Ave, Queens, NY 11106, USA",40.7583611,-73.92409980000002,+1 (347) 528-2883,3210,27.0,90aecc82-60f3-4b58-9054-3fd4a001d844
Burda Midtown,"189 Ne 26th St, Miami, FL 33137",25.801790126500002,-80.1915693924,+13059726220,981,50.0,9c3496a6-ea28-4c82-a8b5-3f472d4deab8
Winking Lizard Tavern (GATEWAY),"811 E Huron Rd, Cleveland, OH 44115",41.498635,-81.6867904,+12165890313,3240,36.0,686054a2-1e35-49a5-820b-241cc24b262d
Somi Vietnamese Bistro,,40.72340774,-111.8560257,3853221158,7004,34.0,bff2feaf-d0b3-4a0f-b0b5-89b8c87e9feb
Mothership Pizza,"Pizza 'Da Action, 431 south st, Downstairs, Philadelphia, PA 19147, USA",39.9418753,-75.1502513,+1 (267) 519-3905,1186,54.0,078df1ce-79c3-40de-82f1-045a19c54839
"Retrobottega (18th St NW, Washington, DC) - GHD",,38.921436299999996,-77.04190827,2024505219,3276,16.0,976dfa20-550c-4ed3-8d92-f1f590aa87fa
Eleven Eleven,"1111 W Lake St, Chicago, IL 60607",41.88529920000001,-87.6550565,+13122488942,6994,12.0,45dcc571-bcfc-4b1f-878d-2b902c428b22
Nifty's Sandwiches and Smoothies,"145 S Orange Ave, Orlando, FL 32801",28.541057000000002,-81.378491,+14078689259,7683,53.0,22323565-5c96-490e-b42e-334ae3d39f44
Campbell's Sweets Factory,,41.50095367,-81.69078827,2168624440,3240,59.0,40d185ef-8ea1-4f27-829e-49c4b54499d6
211 Restaurant,,27.94596862,-82.4575882,8132043000,12148,19.0,73d2e448-19f4-4bb0-adef-e5d74de3afe1
Golden Wok (70 Mamaroneck Ave),"70 Mamaroneck Ave, White Plains, NY 10601",41.03089,-73.76619000000002,+19144285428,268,48.0,ef95d142-4f41-4fd2-a2fd-8bf337b3ddc4
Bánh Mì and Bottles,,39.94211959,-75.15439606,2158001533,1186,111.0,097b29f3-9466-4394-a4b5-05e26c1363c6
123 Pho,"210 East 3rd Street Unit E, Long Beach, CA 90802",33.7702548,-118.19072179999999,+15625526677,756,33.0,12b6476c-455a-4e2e-a243-a7d8ab2f3854
Omonia Cafe,,40.7614441,-73.923941,7182746650,3210,96.0,433f9bc1-31cb-4282-8b83-d1b5251caba4
La Bamba Taqueria,,40.79820251,-73.93962861,2129961340,7424,27.0,a2d0f5cc-9bee-46d1-aadb-c05c8421457d
Earl of Sandwich,,34.051418299999995,-118.2515946,2136253275,1627,9.0,65ba8914-dde9-4e98-a304-7818d1d26027
Grand Central Market,,34.05105209,-118.24932859999998,2133596007,1627,29.0,aa740e1a-dbd0-4ea9-bcae-a5e370dc91c4
Neecha Thai,"Neecha Thai Cuisine, 3236 Grand Ave, Oakland, CA 94610, USA",37.8120351,-122.2472487,+1 (510) 451-9419,4189,47.0,82f538f3-8d3d-4576-a5a0-a8165e3f7756
Desi Chops,,36.15119934,-86.80153657,6153218889,6378,71.0,266d915d-6ff5-4e57-a90a-890957e74402
Broadway Pizza & Grill,"120 E Broadway Ave, Long Beach, CA",33.7691,-118.19181999999999,+1 (562) 901-9690,756,48.0,60aeefb2-d6cb-422e-9255-dabe2cf1c107
Woodstock's Pizza - Davis,"219 G St, Davis, CA 95616",38.54416320000001,-121.7393287,+15307572525,808,28.0,e52497d8-87bf-4617-ba9a-16d3c81fe51d
Java & Jam,"301 E Las Olas Blvd, Fort Lauderdale, FL 33301, USA",26.1194235,-80.14011070000002,+1 (954) 353-3250,4180,19.0,27bbbfb2-3cbd-4dfa-a7c9-9a3fbc7c0523
Citizen Pie Roman Cafe,"2057 E 4th Street, Cleveland, OH 44115",41.4988291,-81.6900277,+12163940155,3240,46.0,da1aed08-f733-4cc5-a3cc-c34f3f10aaa0
Third Wave Coffee House and Roasters,"1035 W Lake St Store Front, Chicago, IL 60607",41.885302,-87.653631,+17739830102,6994,32.0,68caee11-d1ce-43f9-a4d8-93f5fea505f2
Saddle Up All-American Bar,,28.54377746,-81.37929535,4079260183,7683,8.0,0f2df2e1-656b-44aa-8ad7-27b16ca7c6ce
Salsa Fiesta Grill (Biscayne),"2929 Biscayne Blvd, Miami, FL 33137",25.8046485,-80.1890983,+13054008245,981,9.0,5e95cb1f-82d2-4096-ae1f-ba9727c1cbfc
Pura Vida,,41.4991455,-81.69219208,2169870100,3240,93.0,ab433afa-13ed-447e-8b11-b50dd8492ea8
Kini Restaurant,,40.75420038,-73.91976496,7184409209,3210,130.0,1c78a182-35d5-420e-93df-5210553714e2
Tamarind Thai,"117 South St, Philadelphia, PA 19147",39.9411735,-75.1446999,+12159252764,1186,10.0,f4801746-daf4-48e5-9f19-84dd86675802
Don Pollo Astoria,"29-03 Broadway, Astoria, NY 11106",40.76266,-73.92681999999998,+19177450607,3210,84.0,867968dc-b550-4456-aa9f-e22d71dc7b1e
The Bourgeoisie Burger Company (VR),,40.79642105,-73.93480683,2129879076,7424,54.0,b7b131b2-083e-42c1-8308-11461f20f90f
Paul Bakery and Cafe,,38.90485,-77.06302643,2025244630,4452,65.0,a058e718-477c-4c27-9dd1-8a17d99bca87
Masons Famous Lobster Rolls,"1078 Wisconsin Ave NW, Washington, DC 20007, USA",38.9048481,-77.0630235,+1 (202) 290-3732,4452,29.0,0ef992c0-04ac-43e3-aa84-c1d93d82ac03
Wild Sea Oyster Bar & Grille,"620 E Las Olas Blvd, Fort Lauderdale, FL 33301",26.1189338,-80.13658050000002,+19544672555,4180,41.0,b9342cdd-5384-4d61-b089-bb9ab917f22b
Gringos Locos (Downtown),"20 E Washington St, Orlando, FL 32801",28.5434067,-81.3786089,+14078415626,7683,6.0,5fd6f337-3076-4339-a11b-bb803177b97f
Taco Holic,"500 N Florida Ave, Tampa, FL 33602, USA",27.948997,-82.457849,+1 (813) 424-0228,12148,41.0,bc8f95de-f39a-46c0-b5d1-770d667ec75b
Yogurt Ur Way,"806 E Las Olas Blvd, Fort Lauderdale, FL 33301, USA",26.1191179,-80.13508859999997,,4180,52.0,f4c16bc7-d792-402a-bb97-b40065c423f4
I-Thai Restaurant & Sushi Bar,,38.905221,-77.059216,2025808852,4452,53.0,933f8fe5-676b-4890-bf9e-33cb9ba8ae25
Kuma's Corner (West Loop),"852 W Fulton Market, Chicago, IL 60607",41.88691,-87.64955,+13126669090,6994,91.0,1e42f2b7-b6d8-4ed6-b5b9-352869873d6d
Quesadillas World,,38.92128753,-77.04187012,2028383280,3276,18.0,ff80b07a-d286-4f0e-8269-7b8742d60679
Farmacy Vegan Kitchen & Bakery,"803 N Tampa St, Tampa, FL 33602, USA",27.9506656,-82.4600003,+1 (813) 955-9530,12148,69.0,94d9b54c-dbbd-4813-92d3-01ad428229a1
Euro Pizzeria,"Euro Pizzeria, 120 E Post Rd, White Plains, NY 10601, USA",41.02855570000001,-73.76668149999998,+1 (914) 233-0282,268,81.0,fe4150f6-71da-4fc5-9204-946d4ae75993
Davis Sushi Buffet,"707 2nd St, Davis, CA 95616, USA",38.54369000000001,-121.739593,+1 (530) 297-1999,808,36.0,6ef64653-9ffd-499c-976d-1fc7969c54b9
Phubs,,39.27681732,-76.61324311,4437596403,2572,49.0,2a07d6c1-284c-44cc-8eef-a711a934a842
Cold Stone Creamery,,40.724542299999996,-111.86015139999999,8014851203,7004,25.0,94d2864a-dc44-4156-94ec-3e14435f89e8
The Burger Joint,,36.1518898,-86.80410004,6153292979,6378,52.0,8f0a01a1-67e4-4e3f-b0b8-f632243f3a45
Lakeshore Cafe,"3257 Lakeshore Ave, Oakland, CA 94610, USA",37.8104764,-122.2449237,+1 (510) 832-4374,4189,48.0,5e2446a9-80c4-4aa1-ab0d-ab892b5e7072
Shake Shack,,41.8854103,-87.65197754,3128008926,6994,47.0,0efc36cc-9d76-4561-afa7-06e7246f9691
Panini's Bar & Grill (Cleveland Gateway),"840 Huron Rd E, Cleveland, OH 44115",41.4987058,-81.685726,+12165221510,3240,33.0,ad89f3a9-5b5a-46b1-9483-18f838f0ddb5
Coast Burger (245 Pine Ave),"245 Pine Ave, Long Beach, CA 90802",33.7699,-118.19301999999999,+12134218390,756,52.0,7d6321ba-cfea-47fa-9d85-b7e48202cd0a
Bad Mutha Clucka,,33.77025222,-118.1908188,5629014287,756,32.0,2e40daa0-0b2d-4330-9d61-a34d79f63760
Fuego Tacos,,28.54189682,-81.3782425,7868009528,7683,34.0,5406d2a3-ffcd-494f-bfd9-145252404bf2
Filomena Ristorante,,38.90438842,-77.06243134,2023388800,4452,32.0,0cac1927-6bd2-4b2e-bedb-bc981dabb500
Harry Buffalo (W. Church St.),"129 W Church St, Orlando, FL 32801",28.5404799,-81.38151459999997,+14074226656,7683,81.0,8cc7575d-3d87-4d5a-9117-78794981c96a
Mr. Hero,,41.498746,-81.69234399999998,2165055700,3240,26.0,7e9bd3d6-bf5b-42a0-9a16-085d4866a1ee
Pepe's Cantina,,28.54013442,-81.38105774,4077302341,7683,82.0,74c39f46-dbca-428c-a2f8-31da3bc18f80
Finnhenry's,,28.54292106,-81.37882996,4076480100,7683,15.0,0567a113-f2c6-4b3f-95eb-91128134d0d4
Pita's Republic (Downtown Tampa),"210 E Madison St, Tampa, FL 33602",27.948435999999997,-82.45882399999998,+18132233288,12148,57.0,31e32de1-3504-4188-9d2d-b475b60a5941
Baskin-Robbins (236 E St),"236 E St, Davis, CA 95616",38.5442434,-121.74113249999999,+15307565201,808,46.0,a6a9c18d-8743-44be-80a1-b44f9c4ba265
Crazy Burritos,,38.92128753,-77.04187012,2028383280,3276,20.0,a2c5a7c8-f567-45fc-bb6b-6b20513c5e31
Panda Express (350 S. Grand Ave Suite R-1a),"350 S. Grand Ave Suite R-1a, Los Angeles, CA 90071",34.0515573,-118.2515195,12136265018,1627,12.0,4ed2b6ad-ce80-4786-9940-b23eb5642849
Omelette Inn,"318 Pine Ave, Long Beach, CA 90802",33.77073,-118.19221,+15624375625,756,31.0,9a4f41b5-b469-43e6-acbb-bd619821bc6a
Sushi X,"4715 Northern Blvd, Long Island City, NY 11101, USA",40.753703,-73.9146093,+1 (718) 728-9600,3210,177.0,22a1becd-02b5-4aed-96b0-efb2589de083
Chipotle,"245 Pine Ave #190, Long Beach, CA 90802, USA",33.7701675,-118.19252720000001,+1 (562) 432-9472,756,42.0,dc8fbbe1-5c95-4366-8df3-3e61a89a5749
Gyu-Kaku Japanese BBQ,,21.2950344,-157.84764099999995,8085892989,5919,112.0,9f76aba4-d5d5-423c-9693-ad6c209594fe
Bar Siena,,41.88470077,-87.64890290000002,3124927775,6994,63.0,4afec549-4bcc-42d4-ae0d-842185f6f314
Chipotle,,41.03326416,-73.76419831,9149484826,268,13.0,3e69506f-1eef-4a93-aed3-ad3a29443ed1
Zizi BBQ House,"3740 Iowa Ave, Riverside, CA 92507, USA",33.9768351,-117.33952009999999,+1 (626) 383-2069,15399,2.0,d759e200-7d97-4ac5-a8f4-4cd83fff23f5
Slices - Financial District,"505 Flower Street #B260 Los Angeles, CA 90071",34.05147,-118.25632,12133448600,1627,78.0,50b7d365-6bb3-4c34-867d-45a2218bb679
Eddie & Sam's N.Y. Pizza,"203 E Twiggs St, Tampa, FL 33602",27.9488001,-82.4591587,+18132298500,12148,54.0,3eb5a940-376e-4fef-b3d3-e1178a3b603c
Mario's Pizza & Restaurant,"118 Mamaroneck Ave, White Plains, NY 10601, USA",41.029706299999994,-73.7658213,+1 (914) 761-7829,268,2.0,eb55f5cc-bf84-4af5-a3e3-3118dce1e1b1
Isot,,39.941323,-75.152524,2674573622,1186,100.0,313c97fb-bee6-4d25-81a1-48696c1cfc10
Basurero,"El Basurero Restaurante, 32-17 Steinway St, Queens, NY 11103, USA",40.7584236,-73.919106,+1 (718) 545-7077,3210,122.0,42491b15-a500-4ff0-af04-b794b2804814
The Robinson,"63 E Pine St, Orlando, FL 32801",28.541496999999996,-81.377788,+13212990904,7683,36.0,8c6658ea-5077-4724-b054-2a85d7b196bf
America Eats Tavern,,38.90537643,-77.06221009,2024506862,4452,59.0,84179d0f-76af-4701-aff4-6f946398ecae
SoFresh (Franklin),"512 North Franklin Street, Tampa, FL 33602",27.94885,-82.45862,+18139991911,12148,47.0,ac84edff-fd5a-48fe-9e81-3f5424eb2ca6
Chipotle Mexican Grill (31-73 Steinway Street),"31-73 Steinway Street, Astoria, NY 11103",40.75946,-73.918502,+15123960703,3210,206.0,202b1388-9041-4310-8192-37826edd26fc
Natural Cultures,"265 E 3rd St, Long Beach, CA 90802",33.77064,-118.19004,+15627041163,756,23.0,2a7cfc3c-57b9-4102-ae01-bc5fc10f1da5
Allegro Cafe,"Allegro Coffee Company, 1131 W Wilmington Ave, Salt Lake City, UT 84106, USA",40.723628999999995,-111.858869,,7004,32.0,bac52488-ee6a-4d9d-a1ac-9dcab2dd057a
D'Amore Cafe and Deli,,41.03255462,-73.76833344,9149461656,268,37.0,75190075-c62c-467e-8629-27a2db8cbe95
Dat Pizza Dough,"205 22nd Ave N, Nashville, TN 37203",36.15189,-86.80412,,6378,29.0,001cce77-9957-4105-8d73-34c9e192d5e1
Subway (1000 W. Washington Blvd.),"1000 W. Washington Blvd., Chicago, IL 60607",41.8833504,-87.6528436,+13124219551,6994,10.0,53b11187-39a2-4300-a183-dd3318560a34
Blue Hawaii LifeStyle,"1450 Kapiolani Blvd, Honolulu, HI 96814, USA",21.291838199999997,-157.84274,+1 (808) 942-0303,5919,87.0,3619e26a-8a84-4ca4-bc5c-179cc645f1cc
The King Crab Inc,,41.03326416,-73.76419831,9148484037,268,14.0,595fcbd6-9eb6-4d30-b1c5-0e57d633aaab
J-Joe Berrylicious,,41.03358078,-73.7671814,9143581113,268,25.0,899906c8-4300-4bb0-9b92-fadbfe72b051
Sbarro  (1450 Ala Moana Blvd),"1450 Ala Moana Blvd, Honolulu, HI 96814",21.291512,-157.8450642,+18089551665,5919,5.0,6c7a3978-ef86-4c58-8c46-814944c07d37
Pizza and Pints (B Street),"236 B St, Davis, CA 95616, USA",38.543812700000004,-121.74436909999999,,808,77.0,9a2e638d-620b-40f0-8c6c-128f00f83be2
The Salad God,"205 22nd Avenue North
Unit 1c, Nashville, TN 37203",36.15202,-86.80412,+16153292979,6378,14.0,fb9d7b37-d4ad-433f-94e8-37bfa03c6a3b
Happy Slice Pizza (Oakland),"536 Lake Park Ave, Oakland, CA 94610",37.81026,-122.2466,+15102509434,4189,7.0,87cf532d-8a45-4d0a-8ba5-53ca4cc32d8f
Moonlight Masala,"Saffron Indian Cuisine, 44-04 Broadway, Queens, NY 11103, USA",40.7572223,-73.9157142,+1 (718) 255-6310,3210,105.0,72e62035-d361-4a01-a9de-ab752e04a0a8
Kahwa Coffee,,27.95059013,-82.45999909,8132287900,12148,68.0,1ee30a5d-d4f2-42c9-8d9d-840c69f1281b
Big Catch Seafood House,"150 E Broadway, Long Beach, CA 90802",33.7691066,-118.1914682,+15624914600,756,47.0,283c9e8c-1235-4ab8-862a-eeb89fe6759c
Taco Bell  (941-43 W Randolph St),"941-43 W Randolph St, Chicago, IL 60607",41.88403,-87.65144000000002,+13127967255,6994,26.0,c2589c01-ba21-4f1f-8bd2-339e2c151c4e
Yummy Korean B-B-Q,,21.29129791,-157.84338380000003,8089469188,5919,71.0,a4e9da68-f143-42a9-a859-ba0ebd7b0838
Fusion Bowl,"504 E Kennedy Blvd, Tampa, FL 33602, USA",27.9485995,-82.4557772,+1 (727) 239-8802,12148,3.0,7903f84a-8a1f-4202-a11f-f911ce6087ef
Five Guys Burgers & Fries,"2020 West End Ave, Nashville, TN 37203, USA",36.150948299999996,-86.8007587,+1 (615) 320-3678,6378,77.0,e3520dcf-a990-4d3b-a451-74bdf5f9648c
Insomnia Cookies,,38.54344177,-121.74087525,9162529873,808,51.0,b78f8855-fa7a-42c1-b86f-4e1246993ec7
ICHIRIKI,"510 Piikoi St, Honolulu, HI 96814, USA",21.294189399999997,-157.846779,+1 (808) 589-2299,5919,3.0,d9ae965e-ce9e-44a7-9e2f-9ec97bc5e137
Sliced NYC,"2191 3rd Ave; New York, NY 10035",40.800054700000004,-73.9381979,+1 (201) 674-0326,7424,66.0,cf16ced6-15d2-4b6f-b025-87df68ec1a65
Mo's Famous Burgers,,40.7582283,-73.91997529,7186852955,3210,123.0,9e923119-6082-4ea8-adf0-6691f80d78a8
Six Street Eats,"Flavio Restaurant DC, 1073 31st St NW, Washington, DC 20007, USA",38.90452307,-77.0611031,+1 (240) 286-0597,4452,57.0,6ecbd7f3-ed97-4b67-9d88-916a8596ad8b
Lil Lotus,"Lil' Lotus, 2223 Highland Dr E5, Salt Lake City, UT 84106, USA",40.722325,-111.858147,+1 (801) 906-0637,7004,48.0,3208defb-15e0-47a2-9687-6ea6e726b8e5
Roosters Halal Fried Chicken & Pizza,,40.755949,-73.912555,7184069661,3210,185.0,6a065dda-32a4-4227-a007-74958361d69b
Water Song Yunnan Kitchen,,39.27650833,-76.61349488,4438694580,2572,15.0,85e467f9-e500-48c1-aa35-af791a9c8cbf
Vons Chicken,,21.29129791,-157.84338380000003,8088003955,5919,80.0,e2a8841d-479d-4df4-8c48-19b2530ff5b8
Tyga Bites,"1800 Belmont Rd NW, Washington, DC 20009, USA",38.920379,-77.0421195,+1 (877) 328-8942,3276,54.0,1f1cca9d-3b21-4c84-89ca-832b7860466b
Mulino's of Westchester,,41.03018569,-73.76675416,9147611818,268,62.0,143cd667-f7d4-4b3c-b709-12f10db3c3f9
Lapis Bistro,,38.92137908,-77.04394532,2022999630,3276,33.0,fb0b42b0-8db7-4c91-a19b-9f0a33809379
New York City Bagel and Coffee House,"2910 Broadway, Queens, NY 11106",40.76252570000001,-73.9269084,+17187915017,3210,74.0,920a6998-c618-4305-8a5d-edadaa3b01aa
The Latin Spot Grill,,39.27588272,-76.61446381,4102122062,2572,6.0,1fd9f3e7-b657-43c0-9dcc-2985735b076a
Zenebech Injera,"2420 18th St NW, Washington, DC 20009, USA",38.921285,-77.0425209,+1 (202) 667-4700,3276,24.0,14dbb54d-cb36-4e84-b9e5-817ab1494ae0
Organic Express Deli,"Organic Express Deli, 386 E 117th St, New York, NY 10035, USA",40.7964484,-73.9348774,+1 (917) 651-0506,7424,53.0,c9ea9ecb-af04-4e33-aabe-5d966437d60e
Shake Shack,,41.50033569,-81.68917084,2162435024,3240,60.0,38254120-debf-4928-99f6-3036403acb30
Pinzza born in Harlem,"2310 1st Avenue, New York, NY 10035, USA",40.7975559,-73.9339385,+1 (917) 409-2038,7424,79.0,16e75531-fd86-4371-85b6-c299b34836b7
Morning after Breakfast,,33.77000724,-118.1929449,2134218870,756,56.0,2432c9ba-82c0-455c-81a2-c58b1dc3ec5c
Café Express,"20 N Orange Ave, 202, Orlando, FL 32801",28.542501300000005,-81.37949,+14077046799,7683,24.0,cca51488-5401-4e7c-b9fa-d118004aa0bf
Captiv8,"2049 E 8th St, Cleveland, OH 44115",41.4994795,-81.6872405,+12165072482,3240,4.0,3d12e5c8-dcc1-41ef-9047-3aefc8c7a63b
Vim N Vigor,,21.29129791,-157.84338380000003,8089553600,5919,74.0,1513b23c-0fef-431d-81b7-7ab89d94a9a7
Taqueria Al Lado,,38.92268753,-77.04225922,2024810048,3276,48.0,04f76928-e009-47c7-bf9c-118dbcb86ecf
Eddies Deli & Taqueria,,40.79798126,-73.94055176,9176393594,7424,23.0,7b47bb89-6343-46ee-969d-ac65c9ce1ac0
U Jerk,"850 Euclid Ave, Cleveland, OH 44114",41.499836,-81.6869312,+12166750022,3240,31.0,d8b70189-452f-403d-80f7-1a2358977ebb
Hong Kong Restaurant,,40.7630667,-73.9282527,7187268482,3210,69.0,96ec981c-9f8b-46d3-830c-ae090145cbd6
Asian Box,,34.05265900000001,-118.25713600000002,2132657955,1627,74.0,73d45475-b7f4-48ce-aa31-3ae909b9afff
Malbec Argentine Steakhouse,,39.94302749,-75.14549256,2155153899,1186,1.0,ca819b2c-bd54-4de2-9ef3-4d7165309c5f
Taim,"1065 Wisconsin Ave NW, Washington, DC 20007, USA",38.9045329,-77.06245009999998,+1 (202) 560-5419,4452,28.0,fd60be87-3087-4e9f-aa05-7feebe30def7
Polash,"2179 3rd Ave, New York, NY 10035, USA",40.7996301,-73.938485,+1 (212) 410-0276,7424,64.0,99aba401-c6a4-49c7-9111-179118b69674
Otani Noodle - Downtown,"234 Euclid Ave, Cleveland, OH 44114",41.4992894,-81.69137420000001,+12167621815,3240,24.0,ec6c79e1-33db-48ad-b9f3-48abd6c3e065
Rio Grande Mexican Restaurant,,40.01701354,-105.28087616,3034443690,45417,2.0,ffe391e1-e544-4fc0-90fb-c4a443b36921
&pizza - Federal Hill,,39.275663,-76.6140292,2025587549,2572,4.0,fcd183e6-a757-4808-8d1d-18de71aea62f
5th Ave Bagelry,"247 Pine Ave, Long Beach, CA 90802, USA",33.7702661,-118.19257350000001,+1 (562) 499-6889,756,1.0,f7b299c5-6f7e-4aa2-9ad7-4f1e301fe578
Chipotle,"3271 Lakeshore Ave, Oakland, CA 94610, USA",37.810809899999995,-122.24471650000001,+1 (510) 788-6900,4189,51.0,5fd56af8-f202-4eda-b965-e8fa301b4373
Las Catrinas Mexican Bar & Eatery,,40.761539,-73.924451,9177450969,3210,95.0,2ef8a57c-4634-4c26-ba7a-5e6c201d0ab2
Teng Dragon,"2260 1st Ave, New York, NY 10029",40.796114,-73.935035,+12124263906,7424,47.0,a1eb041c-c942-40ff-862b-5d1bd0b55c7f
Big City Tavern,,26.11949157,-80.13677216,9547270307,4180,38.0,9fb5ca41-5cc6-461d-8a52-d761a0b1b563
Umami Burger,,41.8840502,-87.65160523,3122269919,6994,21.0,9a14474b-d084-4871-8585-c2b35cdd0373
Berries by Quicha,,39.2783966,-76.61285401,4104403239,2572,73.0,3fd8fadd-5bd2-4e88-afdb-ffa5ec0a2a80
Tea and Milk,,40.75907897,-73.92625428,9172940450,3210,4.0,1d16421e-cc04-400c-8262-c53156947605
Nancy's Pizzeria,,41.88344192,-87.65278626,3127339920,6994,9.0,a14f8026-8200-42c6-a031-8a0e813c94e4
Asian Legend,,41.03203582,-73.76592255,9144886838,268,29.0,e83fb630-6618-4272-9d53-3e4adb5483cc
Fast Easy Mart,"140 B St #1, Davis, CA 95616, USA",38.542482299999996,-121.7438126,+1 (530) 756-6610,808,86.0,17cd0ec1-ebb9-4897-8807-316d8bf65f3d
Just Wing It,"37-05 Broadway, Long Island City, NY 11103, USA",40.759752,-73.9202144,+1 (718) 777-7100,3210,151.0,071cd8fc-db26-493a-9b8b-1bdae13d39ce
Subway (31-18 A Broadway),"31-18 A Brdway, Long Island City, NY 11106",40.761444,-73.92489599999998,+19178326207,3210,94.0,0325bb7e-51e6-4e0c-978c-a29e537bb743
PizzaRev,,36.15057150000001,-86.8009695,6159426722,6378,78.0,e116466f-04be-47b2-acbb-f930bead28da
Pizza Da' Action,,39.94197463,-75.15027619,2675193905,1186,69.0,467fbbbc-45e9-42b2-a281-6cfc09de3267
First Watch,"First Watch - Downtown Tampa, 520 N Tampa St, Tampa, FL 33602, USA",27.948717,-82.45950570000002,,12148,60.0,0d7b634c-f6db-4bb0-bf99-04d50c9d159a
Jake's Deli,,41.50064849,-81.69341279,5032417944,3240,27.0,2cf919f1-829b-4c89-aafa-04dd2e7d5676
Natural Cultures,"265 E 3rd St, Long Beach, CA 90802, USA",33.770608700000004,-118.1899144,+1 (562) 704-1163,756,23.0,2a7cfc3c-57b9-4102-ae01-bc5fc10f1da5
il Canale,"1065 31st St Nw, Washington, DC 20007",38.9044424,-77.060957,+12023374444,4452,15.0,d12cf73d-f59f-4590-9d11-9fbd4769971a
Peking Duck Kitchen,,21.29378318,-157.84574890000005,8085968833,5919,95.0,f61cda38-bc05-4e2c-be55-3a7b31fc82ac
Brendali Italian Ristorante,"1022 Light St, Baltimore, MD 21230",39.27772,-76.612729,+14108002485,2572,61.0,d6e51282-3b45-46ad-8521-b43165247113
Stalking Horse,,39.27708435,-76.61334992,4102446722,2572,37.0,f0b5fa6e-4d30-4c14-863e-49eec36653de
Samaria Cafe,"502 N Tampa St, Tampa, FL 33602, USA",27.9482899,-82.45952340000002,+1 (813) 223-1674,12148,12.0,4299be5b-b908-40bf-97b2-ed724a12504e
Palo Quemao Miami,,25.799916,-80.1888618233,7865589543,981,68.0,162bd761-ed09-4a8e-8391-2816d07e1214
The Stand,"2000 Avenue of the Stars, Los Angeles, CA 90067, USA",34.0589873,-118.41373999999999,+1 (310) 785-0400,10896,12.0,c8f1fed4-3712-4c6c-9cfe-2ffc572a3bab
PB&J,"PB&J: Pizza Beer and Jukebox, 205 N Peoria St, Chicago, IL 60607, USA",41.8858334,-87.6496067,+1 (815) 735-9695,6994,86.0,a3b90ee0-4062-490e-a897-9f4adece7ac8
Super Rico Colombian Restaurant & Bar,"57 W Central Blvd, Orlando, FL 32801",28.542553,-81.3806343,+14074267007,7683,25.0,5140a36a-356f-4eb3-9798-82cdcddfd283
Taco Holic,"500 N Florida Ave, Tampa, FL 33602",27.94899310000001,-82.45784809999998,+18134240228,12148,38.0,20acbbc3-620e-4908-b319-edd56506b3df
Subway (2336 Biscayne Blvd Biscayne Shops),"2336 Biscayne Blvd Biscayne Shops, Miami, FL 33137",25.7996482,-80.18958070000002,+13055427490,981,67.0,0f7b71d8-0773-4c9a-93e1-cb5fb64a700d
Dunkin' (2514 Broadway),"2514 Broadway, Astoria, NY 11106",40.763071000000004,-73.92800600000002,+17187280087,3210,35.0,baed9deb-0c34-4c0e-8381-e2d1dbb154b9
Tamarind,"Tamarind, 117 South St, Philadelphia, PA 19147, USA",39.941226799999995,-75.14468790000002,+1 (215) 925-2764,1186,10.0,f4801746-daf4-48e5-9f19-84dd86675802
The Grill From Ipanema,"The Grill From Ipanema, 1858 Columbia Rd NW, Washington, DC 20009, USA",38.9209701,-77.0434334,+1 (202) 986-0757,3276,34.0,18aec937-b350-48b9-8bb7-a0b5e15346f8
Gio's NYC Pizza,"536 Lake Park Ave, Oakland, CA 94610, USA",37.810291,-122.24648,+1 (855) 369-9428,4189,4.0,16c3dcdf-d7f4-4854-9722-749be50bdd1a
Cantina Taco and Tequila,"166 Mamaroneck Ave, White Plains, NY 10601",41.02856060000001,-73.76534740000002,+19144613959,268,74.0,1e07a01c-6e8d-4d9b-97f8-3b7b333cc934
Anar,"98 E Post Rd, White Plains, NY 10601",41.027874,-73.76772,+19144379596,268,87.0,5487146a-ea64-4ecc-bceb-dbb61d1b47e5
Uhuru Foods and Pies Oakland at Grand Lake Farmers Market,"746 Grand Ave, Oakland, CA 94610",37.810787,-122.24784720000001,+18885194022,4189,12.0,4ed8febf-fa78-4868-bd21-6bf4c908fe39
California Wok,,21.29084205,-157.8427429,8089471332,5919,39.0,adbabc90-3d9b-45dd-90c4-b5dde05d5e85
The Butcher Sons,,33.76971435,-118.19210819999999,5627040744,756,50.0,5af48bfa-f90f-4218-afea-2e10d965fabe
Terrific Wings,"2131 3rd Ave, New York, NY 10035, USA",40.7982433994,-73.9397174791,+1 (646) 559-9306,7424,26.0,ce2b3eaa-7b52-4b29-b00c-d41bd048ea3f
Taco Taco Burrito Burrito,,25.80382728,-80.19088746,3053009156,981,18.0,daab74a7-7c2b-43d9-85f2-64b2b27c52f7
Cajun Feast,"206 3rd St, Davis, CA 95616",38.5434343,-121.7467051,+15302315366,808,82.0,b025e715-3f1f-413f-a407-d9d2b9a4514a
University Pizza Company,,33.976875299999996,-117.3376007,9518230630,15399,35.0,92358bbb-37bd-4cea-ab58-53a46185472d
Yu Chun Korean Resturant,"1159 Kapiolani Blvd, Honolulu, HI 96814",21.295472699999998,-157.848784,+18082777979,5919,114.0,e9f947dc-d740-4a92-9648-61e3633cb772
Juice It Up!,"1201 University Ave., 1201 University Ave #114, Riverside, CA 92507, USA",33.976875899999996,-117.337601,+1 (951) 328-9113,15399,31.0,353c6dd9-80b5-40fe-9fa1-df98e8e1bbea
Super Tacos & Bakery,"1762 Columbia Rd NW, Washington, DC 20009, USA",38.9235771,-77.040902,+1 (202) 232-7122,3276,11.0,bb72ee42-a95e-4563-b9fa-bd5c344ea7d4
Ocean drive615,"120 21st Ave N, Nashville, TN 37203, USA",36.1514044,-86.80166290000004,+1 (615) 710-8340,6378,66.0,f0fcc898-32c2-4aff-9842-d1919dd3b713
Fish’s Wild Island Grill,"516 2nd St, Davis, CA 95616",38.542997,-121.7413794,+15307538883,808,2.0,6801aee2-59d5-44bc-8794-c8c3b0fc4bce
Bruegger's Bagels,"501 E Kennedy Blvd #155, Tampa, FL 33602, USA",27.9479064,-82.4556005,+1 (813) 402-2989,12148,6.0,9accc719-c344-4ce7-8a98-584434ec3579
Taharka Brothers Ice Cream,,39.27681732,-76.61324311,4436304740,2572,44.0,2a848d0b-dba4-4f33-bace-321d6925ed7d
Chao Thai Cuisine,,37.81109050000001,-122.2471584,5104440708,4189,24.0,57e5d9b3-3dc2-4611-87fc-d4e9320dbef1
Brekkie Bagels,"613 S 3rd Street, Philadelphia, PA 19147",39.940979999999996,-75.14741,+12156276277,1186,34.0,ea833225-b34e-4cee-9c99-d446cc6d6b44
Fowl Play Tenders & Wings,"2120 E 4th St, Cleveland, OH 44115, USA",41.4977576,-81.6899155,+1 (216) 621-8887,3240,22.0,60e558d4-ce2a-47bf-830c-2f42ce6a3e57
Dunkin',,39.27656936,-76.61264039,8774144477,2572,47.0,df276455-179a-4446-8a60-4f974fab88e1
Taqueria Santa Fe,"2248 1st Avenue, New York, NY 10029, USA",40.79555420000001,-73.9353162,+1 (646) 896-1007,7424,44.0,c0c861cb-f944-43dc-867e-ff231ce01948
Conviction Chicken,"250 Main St, White Plains, NY 10601, USA",41.0332744,-73.76418879999999,+1 (914) 948-3209,268,12.0,9077ab8f-6231-4177-9e44-5397424ff8c2
East West Cafe,"Candolyn's Salon & Day Spa, 404 S Figueroa St, Los Angeles, CA 90071, USA",34.052254100000006,-118.25622549999999,+1 (213) 624-6838,1627,75.0,a1a58fce-f8e8-4d41-8696-742ed9de6c78
Jack in the Box,"337 G St, Davis, CA 95616, USA",38.5458445,-121.73979299999999,+1 (530) 297-0400,808,12.0,af140221-e566-44fa-a816-5ade81b0dc3d
Brothers Sushi,"1035 S Charles St, Baltimore, MD, 21230 USA",39.2773984,-76.6141787,+1 (410) 837-9888,2572,28.0,efa0bde7-f79a-468b-bf8c-b5fdadb95ab1
The Codfather (245 Pine Ave),"245 Pine Ave, Long Beach, CA 90802",33.7699,-118.19301999999999,+12134218460,756,92.0,7e57d873-ac17-475f-8f4c-a0a88f1849dd
Indian Grill House,,40.75722122,-73.91571045,7182556310,3210,195.0,a793cf2e-4478-41ab-9e1b-ab85a34cec12
Greens & Grains,"150 S Magnolia Ave 101e, Orlando, FL 32801",28.541051,-81.377734,+14077014131,7683,42.0,f2d13580-8335-4d5a-93c5-4a3c31ed2722
Cloud Forest Cafe,,38.54397201,-121.74197388,5307532164,808,72.0,c9e83620-9ab8-425e-89b5-07be897330aa
Georgetown Cucina,"3421 M St. Nw, Washington, DC 20007",38.9052512,-77.06852409999998,+12022555454,4452,44.0,4543512c-e1b2-4731-9673-d4f7d3c8feea
Mother's Grille (Federal Hill Grille),"1113 S Charles St, Baltimore, MD 21230",39.2763138,-76.6140285,+14102448686,2572,2.0,b860d463-311c-4553-b90e-91dd97e57bf9
VU : DU Wings - Pine Ave,,33.76998901,-118.19294740000002,2134412280,756,70.0,ae01542e-6e4a-473a-9feb-f099e9e82ff6
Shiku,"317 South Broadway, Los Angeles, CA 90013",34.0506,-118.24857,12132657211,1627,14.0,54061a65-344a-4916-900d-36dbfcb4900a
Johnnie's New York Pizzeria,"10251 Santa Monica Blvd, Los Angeles, CA 90024, USA",34.0601465,-118.4208913,+1 (310) 553-1188,10896,4.0,948d38e9-1ed0-4695-9f2c-79caa2fc9c61
The Bar,,21.29434394,-157.847229,8082775344,5919,106.0,881a7401-e4a2-4201-8f6b-bbfe4a12d2d3
La Mian Lounge,"25-12 Broadway, Astoria, NY 11106, USA",40.7631305,-73.9281072,+1 (718) 406-9251,3210,71.0,26ee9d36-0ad6-406f-b78f-1f7640dcb2bb
"Smashburger (1028 East 2100 South, Ste. 2)","1028 East 2100 South Ste. 2, Salt Lake City, UT 84106",40.725121,-111.86167250000001,+18014780158,7004,8.0,847ccf83-1b5b-4eb1-96a5-9e9f6531ab9a
Banditos Bar & Kitchen,,39.27629089,-76.61471558,4438351517,2572,7.0,43f74f6a-1d75-492a-93be-7bc2f06b8021
Freshii,,41.03311538,-73.76474762,9144228000,268,15.0,d827fa2c-891b-46b5-9845-197e852f2569
Shiki Sushi & Yakitori,,41.032346999999994,-73.767976,9142880070,268,34.0,2013195b-e86c-4a44-a80c-753231cceb99
Gangster Vegan Organics,"1065 S Charles St, Baltimore, MD 21230, USA",39.276818299999995,-76.61324590000002,+1 (240) 667-2648,2572,20.0,415d5e25-3ec5-4567-81d4-d2dd07421a9a
Kabob House,,41.49909591,-81.68919373,2163441370,3240,55.0,a065cec0-3e33-4ccb-b71a-a8789432bc87
BLUBird Breakfast Burritos,,33.76785344,-118.19255179999999,5622699257,756,86.0,155ccfc8-4c03-42cf-a69b-c35873d56fb4
Loading Zone Philly Steaks,,28.54332923,-81.37860108,4077517131,7683,7.0,104801bc-4bba-44e8-ab92-835447d88320
Del Taco,,33.97605514,-117.3389893,9517819781,15399,12.0,4409b902-9452-42fb-b868-4c969382db43
Nagasaki Champon By Ringer Hut,"Nagasaki Champon Ringer Hut, 1450 Ala Moana Blvd 1160M, Honolulu, HI 96814, USA",21.291033399999996,-157.8443814,+1 (808) 946-7214,5919,37.0,163398d7-277d-4073-808d-ea39ce0df61a
Inca & Gaucho,"6 Quarropas St, White Plains, NY 10601, USA",41.029921,-73.7660777,+1 (914) 607-7962,268,61.0,b22b9c00-33a6-4fb0-b157-7cc81592aa33
Banditos Bar & Kitchen,"Banditos Bar & Kitchen-Federal Hill, 1118 S Charles St, Baltimore, MD 21230, USA",39.2763352,-76.614623,+1 (443) 847-2665,2572,7.0,43f74f6a-1d75-492a-93be-7bc2f06b8021
Redmond Farm Kitchen,"Redmond Heritage Farm Store, 2209 Highland Dr, Salt Lake City, UT 84106, USA",40.7228306,-111.8583,+1 (385) 351-2664,7004,36.0,c02c5258-fd3a-4377-8db8-9aa8749a6078
Zaatar Mediterranean Cuisine,,39.277831,-76.61444300000002,4438737463,2572,24.0,03a30b0f-ebf0-485a-97de-c844826256ba
De Cero,"814 West Randolph Street, Chicago, IL 60607, USA",41.884698,-87.6481607,,6994,75.0,50c64b2c-16b6-489c-b6e1-816e232aa83e
Boychik Kitchen,,40.01865386,-105.27717591,7203437757,45417,8.0,09b9aede-8aef-4c59-a9b4-7ce215142fc7
Whole Sol Blend Bar,,40.01820373,-105.27669526,7204751355,45417,9.0,02dc9381-26cf-46d2-852e-b53dbe8807b7
Ice Twister Ice Cream Socials & Catering,,28.54079627,-81.3802948,4078323477,7683,71.0,cdf9bcdb-04cd-481a-bf09-8d6a5a9f7f80
Wayward Smokehouse,"Wayward Smokehouse, 1117 S Charles St, Baltimore, MD 21230, USA",39.2762241,-76.61419649999998,+1 (443) 941-4805,2572,1.0,b1f3277d-0b07-4f6a-80eb-0b730c6210a2
Rocket Fizz Boulder,,40.01880264,-105.27635956,3034473499,45417,5.0,86a23d54-081b-49c5-b58b-4940074d56ee
Eat Me Milk Me,,41.88397979,-87.65496827,3122650615,6994,1.0,4c9f0a8e-cfc1-4b9d-bef2-ca04ca2d9273
Pietro's Pizza,"121 South St, Philadelphia, PA 19147, USA",39.941209,-75.144858,+1 (215) 733-0675,1186,11.0,b2db3620-34aa-4603-b585-7ea37ab0c62e
Argentino las Olas,"813 E Las Olas Blvd, Fort Lauderdale, FL 33301, USA",26.1194769,-80.1348819,+1 (954) 533-9178,4180,46.0,8ea6d477-d67f-47ff-b5af-7187f7022848
Sharetea (3740 Iowa),"3740 Iowa Ave, Riverside, CA 92507",33.97698010000001,-117.33948219999999,+19515308536,15399,6.0,efd8548f-c0cf-4440-b9e5-e07b4f1021c2
Sam's Famous Pizza,,40.798309,-73.941632,2123489437,7424,20.0,ff7c8bd1-9c19-4bf9-8577-3b03fc00b948
Ramen-san Whisky Bar (Fulton Market),"219 N Green St, Chicago, IL 60607",41.8862662,-87.6483345,+17736450085,6994,87.0,1902f312-f966-40d7-b96d-8a1ddd2a0351
Daybreak Cafe Restaurant,,40.75472,-73.916372,7187210411,3210,182.0,563363fb-691f-475f-ab18-46731259509e
Hruska's Kolaches,"Hruska's Kolaches, 2030 S 900 E, Salt Lake City, UT 84105, USA",40.7260656,-111.8659506,+1 (385) 309-4379,7004,6.0,b223fce8-3b40-4d4c-85fe-80fde21a1dda
Muncheez,"1071 Wisconsin Ave Nw, Washington, DC 20007",38.9046576,-77.062584,+12025673000,4452,30.0,c6d559ec-a84f-46d9-908e-68d9ef7e8e88
Chuck's Chicken & Waffles,"245 Pine Ave #220, Long Beach, CA 90802, USA",33.7699908,-118.1929446,+1 (562) 485-9235,756,58.0,a853ddd6-b295-4a7a-b962-e727075f14c0
Harry Buffalo,"Harry Buffalo East 4th, 2120 E 4th St, Cleveland, OH 44115, USA",41.4978044,-81.6899714,+1 (216) 621-8887,3240,23.0,8638b6df-0a47-4e31-b88a-d5d51ff6f979
Eddies Pizzeria and Taqueria,"184 E 116th St, New York, NY 10029",40.79798710000001,-73.9405781,+19172665294,7424,23.0,7b47bb89-6343-46ee-969d-ac65c9ce1ac0
Tyga Bites (811 N. Tampa Street),"811 N. Tampa Street, FL 33602",27.950879999999998,-82.45985999999998,+18136821037,12148,75.0,198cf287-0e77-4e8d-8962-02c3787ea398
Sushi Garage Las Olas,"500 East Las Olas Boulevard, Fort Lauderdale, FL 33301",26.1187,-80.13779,+19547273533,4180,34.0,1c2393cb-d5bf-47f1-ad67-8c8fb0927700
Pho Thin,"2121 McClelland St E, Salt Lake City, UT 84106, USA",40.724841,-111.86092179999999,+1 (801) 485-2323,7004,11.0,b4f89d29-b7fd-497f-b338-35b98621ea4f
Sierra Bonita Mexican Grill,"245 Pine Ave #220, Long Beach, CA 90802, USA",33.7699908,-118.1929446,+1 (213) 441-1820,756,59.0,3dba7a54-3a6d-4046-89aa-595a3082e5ec
Lokanta,,40.76154708,-73.92490387,7187284477,3210,104.0,3677337d-8c01-402a-8938-4db723aded9d
DeVito's Italian Specialties,,27.94625091,-82.4584198,8136093833,12148,20.0,d04762fb-83de-45f2-bd6c-66ca0ca9637f
SXY Szechuan,"1450 Ala Moana Boulevard, #2870, Honolulu, HI 96814",21.291041,-157.84317,+18089428884,5919,66.0,35766e16-a1b0-4345-af0c-f83d3e24bd02
Fowl Play Tenders & Wings (Downtown),"2120 E 4th St, Cleveland, OH 44115",41.4978,-81.68985,+12166219112,3240,22.0,60e558d4-ce2a-47bf-830c-2f42ce6a3e57
Chatime Fed Hill,"1114 Light St, Baltimore, MD 21230",39.27634310000001,-76.6125783,+14105008695,2572,48.0,e90736f3-953f-4066-bd62-ed00e1ad8b87
Mama's Restaurant,,40.79988861,-73.93595887,2124104210,7424,75.0,a3c0a9d3-6257-451c-8a3b-c36511dc4da5
Grange Hall,"844 West Randolph Street, Chicago, IL 60607, USA",41.8846612,-87.6492796,,6994,70.0,065e8999-42f6-48b4-a058-6acf6ceb0fc3
Milk Boy South Street,,39.94172286,-75.14930726,2159256455,1186,79.0,98538dbd-c6ac-47cf-a359-d80da2d5098a
Mashwa,,39.94168472,-75.14970398,2679282523,1186,52.0,7b13562d-03c4-4c99-b2d0-6917830e4722
Prime One 16,"Boca Prime, 2257 1st Avenue, New York, NY 10029, USA",40.7959573,-73.935724,+1 (646) 998-4256,7424,45.0,ac153c8a-259b-4550-9c8c-14655c864b78
Famous Famiglia Pizzeria,"48 Mamaroneck Ave, White Plains, NY 10601",41.031222899999996,-73.76644209999998,+19142855678,268,44.0,c6fdc09d-b082-405a-8046-86d9b5651c13
The Donut Man,"The Donut Man, 317 S Broadway A-1, Los Angeles, CA 90013, USA",34.0506511,-118.2486879,+1 (213) 265-7834,1627,22.0,9664154d-60a2-4341-861f-a65522af589e
Cathy’s: Gourmet Ice Cream Sandwiches,"401 Euclid Ave, Cleveland, OH 44114",41.4998561,-81.69023990000002,+12164527821,3240,73.0,86f10b81-9353-4d04-a954-457c4991cb70
Brix and Bones Bar & Grill,,21.29438018,-157.8475189,8084254171,5919,107.0,00d0a0e6-bf8b-4b65-b390-bf0a81acfe8c
Queens Bakehouse,,40.76096343,-73.92375184,7184339585,3210,108.0,073f58a5-f78b-4617-b47e-ef0cc22a40d8
Bartolino's Fine Italian Pizza,,40.760748,-73.922473,3477306573,3210,33.0,cd65ab73-9344-4e3d-bfbc-10b61506ebd5
Shiku,"317 S Broadway, Los Angeles, CA 90013, USA",34.051052,-118.2493274,+1 (213) 265-7211,1627,14.0,54061a65-344a-4916-900d-36dbfcb4900a
Polash Indian Restaurant,,40.799714,-73.93856099999998,2124100276,7424,64.0,99aba401-c6a4-49c7-9111-179118b69674
Argentino Las Olas,,26.119477,-80.13488199999998,9545339178,4180,46.0,8ea6d477-d67f-47ff-b5af-7187f7022848
Kathmandu Kitchen,"234 G St, Davis, CA 95616, USA",38.5446537,-121.73884939999999,+1 (530) 756-3507,808,20.0,1f5836e3-ed5b-43f9-98eb-de23c2eef969
Toasted Bagelry & Deli,"Toasted Bagelry & Deli, 180 NE 29th St #6, Miami, FL 33137, USA",25.803925600000003,-80.19160179999999,+1 (305) 900-8096,981,25.0,842a3c53-17bc-456b-bd7e-59fe2bc6bad2
King of Falafel,"30-15 Broadway, Astoria, NY 11106, USA",40.7622284,-73.9254996,+1 (718) 340-8068,3210,92.0,8a3a82a0-87f1-4978-8388-90736b26e26f
Nonna's Sandwiches and Sundries,"925 W Randolph St, 925 West Randolph Street, Chicago, IL 60607, USA",41.8841369,-87.65081529999998,+1 (312) 690-7323,6994,15.0,2153d21e-9e6e-4df0-9971-2cc3f59859f2
Nonna's Chicago,"925 W Randolph St, Chicago, IL 60607",41.884064,-87.6507687,+13126907323,6994,15.0,2153d21e-9e6e-4df0-9971-2cc3f59859f2
India Cafe,,41.027815000000004,-73.76740500000002,9149976268,268,85.0,2c83c22a-0d1a-4a6a-bc9b-2cac0a008319
Legins House Of Seafood,,36.15140533,-86.80166626,2768852630,6378,65.0,2911c3ad-e315-45f5-8e3d-cedbafddc305
Green G Juice Bar,"222 Ne 25th St, 106, Miami, FL 33137",25.8005063,-80.1906059,+13055096335,981,62.0,47aec620-300e-4bf0-882e-24591c7f682f
El Cafetero Restaurant,,41.02868270000001,-73.76649476,9149498385,268,80.0,ff7bb0ca-2ce3-490f-b3a6-6838d19fda29
Shake Shack,"185 N Morgan St #2221Chicago, IL 60607",41.8854108,-87.65197909999998,+1 (312) 800-8927,6994,47.0,0efc36cc-9d76-4561-afa7-06e7246f9691
Jules Pizza & Grill,"431 South St, Philadelphia, PA 19147, USA",39.9419864,-75.150263,+1 (215) 800-1556,1186,68.0,d0bb3614-3ab1-4cf4-873f-1c521213acbf
Don Pollo,,40.76280212,-73.92667389,9177450607,3210,84.0,867968dc-b550-4456-aa9f-e22d71dc7b1e
Arabian Nights Hookah Bar and Lounge,,39.27769088,-76.61228943,4436832704,2572,70.0,ad064f6b-7483-4c56-8b9c-7b636ad0316e
Pinstripes,"Pinstripes, 1064 Wisconsin Ave NW, Washington, DC 20007, USA",38.9044052,-77.0632322,+1 (202) 625-6500,4452,67.0,cd6b4c7c-82da-4fa8-89c6-174aa95c8db6
Banzai Phresh,,21.29129791,-157.84338380000003,8088003638,5919,77.0,a08dd877-d057-45cc-938f-ff82a894a0d8
90 Second Vegan Pizza,"1077 Wisconsin Ave Nw, Washington, DC 20007",38.9047984,-77.06257719999998,+17033471999,4452,26.0,ec01f445-effc-463d-8439-a8d1824bc760
Salt Lake Pizza & Pasta,"1063 E 2100 S, Salt Lake City, UT 84106, USA",40.725615399999995,-111.86050230000001,+1 (801) 484-1804,7004,21.0,e86bc3fd-d34f-4f09-bd2c-55523c8657b2
Juicy King Crab Express,,38.92179107,-77.04312134,2022322573,3276,28.0,0e158cec-78ec-4c7a-b6b9-b15005a176ef
@Pizza (Lake Park),"536 Lake Park Ave, Oakland, CA 94610",37.810340000000004,-122.24677,+15102105022,4189,1.0,93e079a6-6331-4759-8307-a0aa8d6a9f4f
Prince Tea House,,40.76004791,-73.91779328,9292080072,3210,7.0,97097f40-4f6e-4f8b-b35d-afdc2963bd0f
Michelle Faedo’s Tampeño Cuisine,"Michelle Faedo's Tampeño Cuisine, 601 E Kennedy Blvd, Tampa, FL 33602, USA",27.9484786,-82.4550468,+1 (813) 784-6933,12148,2.0,d80ed903-b55a-44a0-b826-036e6ce5518c
Boca Prime,"2257 1st Avenue, New York, NY 10029",40.7960234,-73.9356863,+16469984256,7424,45.0,ac153c8a-259b-4550-9c8c-14655c864b78
Corleone Italian Fast Food,"Corleone Italian fast food, 2121 McClelland St Suite 108, Salt Lake City, UT 84106, USA",40.7249617,-111.86109340000002,+1 (801) 330-7119,7004,19.0,fb734214-c310-401a-bafd-e1cdc73fd27d
Sharbat,"2473 18th Street Northwest, Washington, DC 20009",38.922381,-77.0423113,+12028435252,3276,1.0,cc57a907-6d0c-4e85-8929-4a3de23ae93f
Prince Tea House (LIC),"31-47 Steinway St, Long Island City, NY 11103",40.7602353,-73.91824790000003,+19292080072,3210,7.0,97097f40-4f6e-4f8b-b35d-afdc2963bd0f
Rooster & Hen,"1065 S Charles St, Baltimore, MD 21230, USA",39.276818299999995,-76.61324590000002,+1 (301) 910-1669,2572,39.0,5cbca576-90a5-4618-a5ba-08fa880ad370
Roti (1012 W Randolph St),"1012 W Randolph St, Chicago, IL 60607",41.8846174,-87.65274040000001,+13128588298,6994,31.0,cbdbae38-dd18-4446-a657-f66794ca1a04
Jollibee,"1071 Ala Moana Blvd, Honolulu, HI 96814, USA",21.290566100000003,-157.84431999999995,+1 (808) 944-0440,5919,30.0,33ea6fa4-215f-46a2-8a1d-70596b8f2358
Noodle+,,41.032982000000004,-73.76566,9149484950,268,19.0,fa20be49-faed-4779-842d-fcce527db05b
Uncooked,,41.88588714,-87.65345002,3123155552,6994,37.0,aabd5c42-296c-4281-914f-deaf7032f887
BirriaNYC - Broadway,"40-05 Broadway, Queens, NY 11103",40.75902,-73.91874,+17184409100,3210,148.0,45fe7727-7862-4ded-8121-d5fea8288965
Downtown Convenience,"2013 Ontario St, Cleveland, OH 44115",41.49879,-81.69263000000002,+12165055701,3240,83.0,90302421-57fb-44cf-987a-f2392197537a
Frice,"1299 University Ave, 104, Riverside, CA 92507",33.975998100000005,-117.33927890000001,+19516862182,15399,7.0,894d8d81-fe47-40c5-b431-0c1236eb809f
Southside Burger Bar,,39.27681732,-76.61324311,4433888321,2572,42.0,9e2be9e4-f9be-4644-a7dd-dbbc36edb70d
Panera Bread,,40.75562667,-73.92247773,8553726372,3210,41.0,49e3990c-6eca-4711-bb41-a1b71a88253c
Sunswick,,40.756376,-73.925513,7187520620,3210,19.0,fecc9f74-38ed-49fb-afd3-13fae1e43cf1
Milano's pizzeria,"2213 Elliston Place, Nashville, TN 37203",36.151263799999995,-86.8038689,+16156867300,6378,5.0,7a14d47c-b9f0-485e-ad0c-608a3dc8a72d
Gu Ramen Taps,,33.77035522,-118.1929321,5624351135,756,43.0,52b915fc-7548-455c-b435-ff5703b9a4d6
LUNA Asian Bistro & Lounge,"32-72 Steinway St, 3272 Steinway St, Astoria, NY 11103, USA",40.757332500000004,-73.92063359999999,+1 (917) 832-7911,3210,118.0,26ad323d-94ae-425a-8639-61dc312dff4a
Moon Frog Arepas,"412 North Florida Avenue, Tampa, FL 33602",27.948059999999998,-82.4572,+18137780202,12148,36.0,33572451-62c2-43ad-88e1-9270e9ba12ec
Nocturnal Eats (245 Pine Ave),"245 Pine Ave, Long Beach, CA 90802",33.7699,-118.19301999999999,+12134411190,756,53.0,6d061621-df8e-4222-abc7-b722d83c9606
Pantojarse,"179 Martine Ave, White Plains, NY 10601, USA",41.03142370000001,-73.7669946,+1 (914) 946-0179,268,88.0,57732e40-7c08-484e-a139-593dce6b2a64
Jules Kabab Curry & Grill,"431 S St, Philadelphia, PA 19147",39.9419631,-75.15027990000002,+12158001556,1186,68.0,d0bb3614-3ab1-4cf4-873f-1c521213acbf
Maui Poki,"151 S Orange Ave, Orlando, FL 32801, USA",28.540881,-81.3784441,+1 (407) 999-8989,7683,55.0,541722b6-c7d2-42d0-9bb0-89521554452e
Walgreens,"Walgreens, 1051 W Randolph St, Chicago, IL 60607, USA",41.8837732,-87.6540985,,6994,7.0,312b9dbd-8269-40f4-bf23-eff47375b3a7
Say Cheese,"1132 29th St Nw, Washington D.C., DC 20007",38.9049394,-77.0582373,+12027334743,4452,5.0,712a894b-edff-4214-8543-f9a21327db2a
Soho's New York Pizza,,37.81029129,-122.24648285,5102509434,4189,29.0,3e23460e-69cb-4024-895c-cc5e6ef2e090
Malbec Argentine Steakhouse,"Malbec Argentine Steakhouse, 400 S 2nd St, Philadelphia, PA 19147, USA",39.9430274,-75.1454892,+1 (215) 515-3899,1186,1.0,ca819b2c-bd54-4de2-9ef3-4d7165309c5f
Midtown Pizza,,36.1519165,-86.80413056,6153292979,6378,26.0,cfcc2154-9221-41d5-8248-59c4e5eccbfb
Tacuba Cantina Mexicana,,40.756243,-73.924514,7187862727,3210,21.0,73bb2301-4645-437c-8ea5-9be03c11b10d
Frice Szechuan Restaurant,,33.97613906,-117.3394547,9516862182,15399,7.0,894d8d81-fe47-40c5-b431-0c1236eb809f
Serafina,"199 Main St, White Plains, NY 10601, USA",41.032790999999996,-73.76728670000001,+1 (914) 288-9300,268,32.0,6138e1d0-ff9f-4498-9a4b-92a9f2469288
"Tryst Coffeehouse, Lounge and Bar",,38.92198562,-77.04207612,2022325500,3276,73.0,c7c21aa7-2f20-4d62-9ff9-fab934cb41bc
Balance Pan-Asian Grille,"515 Euclid Ave., Cleveland, OH 44114",41.5001934,-81.6898609,+12165231111,3240,11.0,c99dcf56-d5de-43ab-9f0c-7bcdd60098f9
The Ice Cream Shop,"2500 Ne 2nd Ave, Miami, FL 33137",25.800929999999997,-80.19115,+17869536661,981,60.0,d6f18c10-4043-49f3-bab6-2f0a6ae0b8cc
Steinway Gourmet Deli,"32-34 Steinway St, Astoria, NY 11103",40.7581662,-73.92002,+17186852955,3210,126.0,5cc5253a-c2df-4bce-9384-6b3fd706ead9
Chipotle,"1011 E 2100 S, Salt Lake City, UT 84106, USA",40.725660999999995,-111.86201299999999,+1 (801) 467-1311,7004,9.0,568cef06-020a-4184-8663-aea2a24cad4a
Cantina Taqueria & Tequila Bar,,41.02853393,-73.76531983,9144613959,268,74.0,1e07a01c-6e8d-4d9b-97f8-3b7b333cc934
Togo's,,34.051646999999996,-118.256004,2136222900,1627,77.0,d4389d63-a78f-4e25-a6f9-fc2531e976dc
Gyu-Kaku Japanese BBQ (White Plains),"159 Main St, White Plains, NY 10601",41.0325269,-73.76872390000003,+19143585206,268,39.0,d7879d38-0299-4d7c-9529-4ec29ae8d48b
VITA CAFE ASTORIA,"3186 37th Street,  , New York, NY 11103",40.76003,-73.92048,+17184339545,3210,140.0,06ce62b2-7b52-4d89-a483-aa84cf21bd1b
1890 at the Arcade,,41.49979019,-81.69084168,2167764576,3240,43.0,203ab034-fcf7-464d-9baa-c83bbd03a1a7
Steve's Pizza Davis,,38.54536437,-121.74014283,5307582800,808,14.0,8b10d456-4d12-46b3-bdbd-e0670f0f4405
McDonald's,"McDonald's, 32-55 31st St, Long Island City, NY 11106, USA",40.760615200000004,-73.9261462,,3210,9.0,7660e47c-1b0c-4fe5-a967-fbcc3c419bd4
ultimate Burger and Pizza,"Ultimate Pizza, 29 E Cross St, Baltimore, MD 21230, USA",39.276548,-76.613241,+1 (443) 852-6963,2572,16.0,2cafcecf-fc17-4415-8f96-227d398dfbcf
Poke Bowl,,39.277229299999995,-76.61260987,4437596229,2572,56.0,94246129-d972-4b8c-b93c-996f470d9d42
Five Guys,,36.1508522,-86.80074311,6153203678,6378,77.0,e3520dcf-a990-4d3b-a451-74bdf5f9648c
Piacere Pizza (158 NE 27th st),,25.80242538,-80.19166565,7865978763,981,39.0,fc671cbd-e060-440a-bf0b-53f8c75636c4
Bamb Bao!,"516 North Tampa Street, FL 33602",27.9485,-82.45952,+18132237320,12148,11.0,9b2a5d5d-09dd-4e62-8b76-7f5294e03b37
Zenebech Restaurant,"2420 18th St Nw, Washington, DC 20009",38.921285,-77.042521,+12026674700,3276,24.0,14dbb54d-cb36-4e84-b9e5-817ab1494ae0
Honolulu Sushi - Alamoana,"1450 Ala Moana Blvd, 5546, Honolulu, HI 96814",21.2911518,-157.843536,+18089466251,5919,18.0,b43c079d-34b2-4b6e-b554-4cba189da6f9
Mr. Tea Cafe (Ala Moana Blvd),"1450 Ala Moana Blvd , Suite 1063, Honolulu, HI 96814",21.2904749,-157.8446724,+18087219766,5919,29.0,0778c764-5316-4560-9eb3-2bbdb90754bc
Bandit,"841 W Randolph St, Chicago, IL 60607, USA",41.8839561,-87.64894190000004,+1 (312) 666-6061,6994,55.0,090f5bd4-a45a-4e8a-bb07-040da73f0702
Angel's Pizzeria,,36.1519165,-86.80413056,6153292979,6378,36.0,1c642aa2-6552-4ae9-a22d-7b125378ccca
Red Poke Express,"Red Poke Express, 135 South St, Philadelphia, PA 19147, USA",39.94127320000001,-75.1453177,+1 (215) 923-0800,1186,12.0,0f331e58-350c-4df6-ac93-d67452df3f72
Qdoba Mexican Eats,"2019 West End Ave, Nashville, TN 37203, USA",36.150285499999995,-86.8006328,+1 (615) 340-9039,6378,81.0,a7a02149-84e9-4bac-9dce-7d6d1c9cd42d
Sbarro,"Honolulu Sushi, 1450 Ala Moana Blvd, Honolulu, HI 96814, USA",21.290491,-157.8448956,+1 (808) 955-1665,5919,5.0,6c7a3978-ef86-4c58-8c46-814944c07d37
Pacheco’s Tacos,"333 S Hope St, Los Angeles, CA 90071, USA",34.05374920000001,-118.25309240000001,+1 (323) 352-7125,1627,37.0,9acd2ec9-846f-4fc3-a9ed-b53f752ddab9
Pub Dog Pizza & Drafthouse,"20 E Cross St, Baltimore, MD 21230",39.27707,-76.61353000000003,+14107276077,2572,25.0,d9bb6e1c-79e7-4555-bb13-31599cb701cb
Press Brothers,,34.05049057,-118.24844099999999,2133893645,1627,11.0,1ffb0210-db6a-4738-bbdb-93450af479c8
McConnell's Fine Ice Creams,,34.05105209,-118.24932859999998,2133469722,1627,34.0,155b6b83-b326-429f-871c-eec39e80cdbb
Fresh Kabobs,,33.7716886,-118.19066240000001,5629511227,756,10.0,d72de2e2-8181-4b89-b3d8-693cdf94fd95
American Wing Company 116th St - WING PLUS,"159 E 116th St, New York, NY 10035",40.798590000000004,-73.9409665,+16463706640,7424,11.0,49dbc4b5-a897-466d-b1b4-675cb78b3a85
Burger King,,40.79832839,-73.94145966,2124269532,7424,19.0,3e2a01c7-2c39-4a84-9bb7-49acd0f07f83
Duane Reade,"Duane Reade, 3506 Broadway, Queens, NY 11106, USA",40.760217,-73.9220073,,3210,45.0,a3ef0066-4fbf-4f9a-81be-1b8bd3a1887d
Eleven Eleven,,41.88526916,-87.65505219,3122488942,6994,12.0,45dcc571-bcfc-4b1f-878d-2b902c428b22
Capriotti's Sandwich Shop (171 N Aberdeen St),"171 N Aberdeen St, Chicago, IL 60607",41.884917,-87.65422679999998,+13129880670,6994,13.0,a163a5f5-d433-40a1-a9ba-cb013c3c9837
Ikaros Greek Restaurant,"3268 Grand Ave, Oakland, CA 94610",37.8125167,-122.24695659999999,+15108994400,4189,65.0,e678c3f1-8fb0-4f06-a6cf-f02c84d75b8e
Ruben's,,39.2772789,-76.61418152,4435341667,2572,30.0,f88f621f-6d40-4648-85ac-00014f23c3fc
Barzola Restaurant,,40.76131057,-73.92352295,7184069929,3210,114.0,2e57792b-99e3-4faf-9ba8-b2c73c7eba3e
Lil Mikey's Pizza,"431 South St, Philadelphia, PA 19147, USA",39.941976399999994,-75.15027409999998,+1 (215) 454-6150,1186,73.0,116a4490-b79c-4f15-8c8b-91e373c83ad5
Nature's Table Cafe,,28.53878211,-81.37942505,4074819999,7683,86.0,91899272-c2ca-4dd7-9419-3e91bbd331d1
Amylos,,40.76110076,-73.92292786,7182150228,3210,111.0,6b15a447-ccd9-4004-920a-feabbbc82ee1
Chipotle,,40.72566223,-111.8620072,8014671311,7004,9.0,568cef06-020a-4184-8663-aea2a24cad4a
Applebee's - Astoria,"3801 35th Ave, NY 11101",40.75563579999999,-73.92255809999997,+17189437404,3210,44.0,d36a2576-129f-464a-8584-0b115751ad16
India Cafe,"92 E Post Rd, White Plains, NY 10601, USA",41.027786299999995,-73.7678591,+1 (914) 997-6268,268,85.0,2c83c22a-0d1a-4a6a-bc9b-2cac0a008319
Spitz,"1201 Wilmington Ave, Salt Lake City, UT 84106, USA",40.72365300000001,-111.856227,+1 (385) 322-1140,7004,38.0,90e2517a-8a97-43b4-b4ad-e967b3cdedc1
Tippin Inn,"Tippin Inn, 34-13 Broadway, Queens, NY 11106, USA",40.7607231,-73.92243020000002,,3210,66.0,42ddb707-0a5c-4a0e-9428-5d65f14c4940
The Crab Shack,"325 The Promenade N, Long Beach, CA 90802, USA",33.770919299999996,-118.19072340000001,+1 (562) 435-4444,756,25.0,1f92c0b4-1686-4b8b-85d8-3179356d8832
Salvatoria Kitchen and Bar,"Salvatoria Kitchen & Bar, 31-18 Broadway, Astoria, NY 11106, USA",40.761413899999994,-73.9248972,+1 (718) 777-2829,3210,101.0,3551a52c-61a6-489d-834c-84e83d9cec92
Haagen Dazs (Georgetown),"3120 M St Nw, Washington, DC 20007",38.90495900000001,-77.061849,+12023333443,4452,18.0,98019346-4685-42d1-99ae-c6dbe4d3d50d
Welders Grilled Cheese,"245 Pine Ave #220, Long Beach, CA 90802, USA",33.7699908,-118.1929446,+1 (213) 441-2310,756,65.0,f208a261-0284-450b-a032-f64c63a1d866
Salt and Pepper Cafe,,21.29378318,-157.84574890000005,8087440137,5919,96.0,5415b5c7-3102-41c2-8341-47f1a056ae3d
Nia,,41.884276,-87.647531,3122263110,6994,72.0,fb47a4e5-a2b9-4301-948f-8afc921114e2
Cowboy's & Gun Slingers,"1800 Belmont Rd NW, Washington, DC 20009, USA",38.920379,-77.0421195,+1 (346) 908-6164,3276,42.0,3e9209ef-32e9-4fc0-bad7-c21f5af83b53
Johnny Pistolas Mexican Taqueria Bar,,38.920491,-77.041625,2028173255,3276,39.0,040217c8-ba1d-4dc0-98f4-279349c8cddc
Water Song Yunnan Kitchen,"21 E Cross St, Baltimore, MD 21230",39.2765082,-76.61349399999997,+14438694580,2572,15.0,85e467f9-e500-48c1-aa35-af791a9c8cbf
Uncle Drink,"3255 Steinway St, Long Island City, NY 11103, USA",40.757521600000004,-73.919885,+1 (646) 515-9688,3210,125.0,2b6c4d41-eb1f-4152-801c-56eceb5eb3a7
Cafe Tu-o-Tu,,38.904977,-77.057643,2022987777,4452,50.0,192612fc-4784-4e53-a709-0bc89cd1698c
DownTown PourHouse,,28.54162979,-81.37922669,4074257687,7683,47.0,ec11417b-d4ce-471e-b985-ef617b6752f0
Sushi 86,"509 Prospect Ave E, Cleveland, OH 44115, USA",41.49859620000001,-81.68913719999998,+1 (216) 621-8686,3240,20.0,0b80c781-0907-4295-9079-3eb8bc5787cc
Jam-Eng,"65 N Orange Ave, Corner Of Washington Street, Orlando, FL 32801",28.543385999999998,-81.3788907,+14072864045,7683,9.0,0c358a43-95c4-4b51-b938-03d43ff35fec
Spoons Cafe (Baltimore),"24 E Cross St, Baltimore, MD 21230",39.2770847,-76.6134771,+14105398395,2572,36.0,aee87f09-cd59-49b1-9e49-5896a820b7ee
Amsterdam Falafelshop,,38.921198,-77.041862,2022341969,3276,22.0,150b75c5-1160-4ee2-ad97-3f7c2ae685c1
Kinton Ramen - West Loop,"163 N Sangamon St, Chicago, IL 60607",41.88494779999999,-87.65080400000002,+13123743942,6994,49.0,21a8b8c4-f11f-4165-a5a7-4c68e4dc1fa5
Jersey Mike's,,33.976875299999996,-117.3376007,9512899541,15399,27.0,05625b69-7344-422f-99a0-1bbff0091d94
Kaizen Izakaya,,28.5399971,-81.38002778,4073168500,7683,76.0,8924e68f-e5ae-48d3-b337-c1e2bec4f0bd
Cafe Zupas (2236 S. 1300 E.),"2236 S. 1300 E., Salt Lake City, UT 84106",40.7224,-111.856848,+13852122855,7004,43.0,4f70f477-5b0e-40cd-8cd4-295380096069
The Donut Man,,34.05105209,-118.24932859999998,6263359111,1627,22.0,9664154d-60a2-4341-861f-a65522af589e
Zack's Chicken Shack,"431 South Street, Philadelphia, PA 19147",39.9418,-75.15025,+12675193905,1186,53.0,2bef99be-0c0d-4e4d-8d34-3fc65dd3b4b8
Drunken Chicken and Burgers,,40.76278305,-73.92755127,9295220171,3210,80.0,61b622ed-b4d1-4c9d-a38c-240fa06c32f1
Starbucks (350 Las Olas),"350 Las Olas Center, Fort Lauderdale, FL 33301",26.1190267,-80.13957640000002,+19545237992,4180,22.0,9039a606-fd4c-4e01-8fcd-df9329dc3ee1
Original Deep Dish Pizza Co.,,37.81029129,-122.24648285,5102509434,4189,14.0,50855aff-41f3-468f-9b6e-50ed7b5b406b
Mongolian BBQ,"1242 University Ave, Riverside, CA 92507",33.97497,-117.33808,+19516860702,15399,22.0,126088ee-1894-4ab0-9e70-aa4909895fd1
The Attic Cafe,,27.94859886,-82.45609284,8132261003.0,12148,4.0,ef01fe36-ada9-477d-8300-77b7ba3534c2
Welders Grilled Cheese,,33.76998901,-118.19294740000002,2134412310,756,65.0,f208a261-0284-450b-a032-f64c63a1d866
Wings & Sandwiches,,36.1519165,-86.80413056,6153292979,6378,31.0,0b263acc-e9ec-40b0-874c-41a43159b690
Eat Me Milk Me,"Eat Me Milk Me Coffee & Tea, 1111 W Randolph St, Chicago, IL 60607, USA",41.8839816,-87.6549712,+1 (312) 265-0615,6994,1.0,4c9f0a8e-cfc1-4b9d-bef2-ca04ca2d9273
Dunkin',,40.79870986,-73.94129944,6465979456,7424,12.0,6f0daac0-8b67-4930-94dd-872b7cd616a1
Latin Cabana,"34-17 Steinway St, Astoria, NY 11101",40.755806,-73.921951,+17187293900,3210,38.0,8e678a1a-7b83-43e5-b99f-9bf7e2bcc1aa
Midnite Confection's Cupcakery,,39.27711105,-76.61415101,4107271010,2572,22.0,42d71802-047b-4d7c-bbf9-c90e3e8f9a2d
Queen Village Food Market & Deli,,39.94081497,-75.14912415,2156252405,1186,76.0,ae3367db-2a7c-4baf-a85a-1b9ecdefc6ff
AMERICAN WING COMPANY 116th ST - Wing Plus,,40.79865646,-73.94093323,6463706640,7424,11.0,49dbc4b5-a897-466d-b1b4-675cb78b3a85
China Garden,,41.033493,-73.76424200000002,9146861505,268,10.0,fea3b7d3-7a2c-4945-a80b-95a9d7e347fc
Robeks,,41.50018692,-81.68876648,2167131611,3240,2.0,2f307d87-aa72-47f5-8c9c-eda07e57964f
Champs Deli Bakery & Cafe,,28.54199981,-81.37680817,4076491230.0,7683,30.0,3615ba11-0dae-4b9c-a0e0-373bc8992ac0
Vegan Bowl Factory,"116 21st Ave N, Nashville, TN 37203",36.151184,-86.80157,+19142171965,6378,48.0,2d8028c5-3ed9-42f8-aa08-e7b64a9fd174
Bund Dumpling House,,40.76311111,-73.92824555,7189715465,3210,68.0,7fa65d91-fecd-44e6-9ddc-1c39ab21a859
Brix and Bones,"1217 Hopaka St, Honolulu, HI 96814",21.2944074,-157.84743989999996,+18084254171,5919,107.0,00d0a0e6-bf8b-4b65-b390-bf0a81acfe8c
Yum Yum’s Of Cleveland,,41.49972534,-81.68945313,2163443860,3240,13.0,2a371222-0542-432a-8a87-b1872ea96144
Roost @ Cafe 200,,41.49998092,-81.69188691,2166005817,3240,87.0,4534df15-d575-4437-a081-57761694b28a
Sprinkles Cupcakes,"3015 M St NW, Washington, DC 20007, USA",38.9053836,-77.05966190000002,,4452,8.0,4b927648-3061-4b54-bba1-891cfe5fb7f7
The Coffee Mill,,37.81373977,-122.24687958,5104654224,4189,70.0,19704ce7-9c27-4496-942b-c08ebaa2f7cc
Wienerschnitzel (1246 University Avenue),"1246 University Ave, Riverside, CA 92507",33.9752771,-117.33833500000001,+19516847758,15399,15.0,e2c7f144-8460-4ebf-aecf-8bd529417f09
Sugargoat,"Little Goat Diner, 820 W Randolph St, Chicago, IL 60607, USA",41.8846919,-87.6484066,+1 (312) 667-0108,6994,73.0,ab84ae5d-e50c-465d-bfb4-827644fedd40
Forno Rosso Pizzeria,"Forno Rosso Pizzeria Napoletana West Loop, 1048 W Randolph St, Chicago, IL 60607, USA",41.8845557,-87.6540728,+1 (312) 243-6000,6994,11.0,48408f61-ce10-4671-9b79-f46b662f75be
Luna's,,40.75778961,-73.91595459,7189326631,3210,207.0,5260aa8a-6333-4999-8f9d-83d8772db4d5
Killer Wings,,36.1519165,-86.80413056,6153292979,6378,32.0,6bc0a65e-8b5a-4244-9902-d113634a0189
Tikka Cravings,"44-04 Broadway, Long Island City, NY 11103, USA",40.7572223,-73.9157142,+1 (415) 598-7449,3210,200.0,ae0f6789-8083-499d-a861-54965a5d8407
Fiddler's Elbow,,40.725615399999995,-111.86050230000001,8014639393,7004,20.0,1536d8a2-3526-4102-ae82-44d3053d87a3
Dave's Cosmic Subs,"1906 E 6th St, Cleveland, OH 44114, USA",41.50061703,-81.68962965,+1 (216) 861-4199,3240,61.0,9de995d6-f55d-40f0-aed0-8e8f8e433341
Z's DTLA,,34.05211257,-118.25471499999999,2132441444,1627,64.0,c4981f24-3680-4950-99c1-304e13bd1b68
SSS 99 Cents Mega Pizza,,40.79896163,-73.94119263,2123690369,7424,7.0,79ea9fa0-011e-49d8-8055-8611f0a39b9e
Bullseye Bagels,"613 S 3rd Street, Philadelphia, PA 19147",39.940979999999996,-75.14741,+12156276277,1186,35.0,956c9d30-fa23-4d84-aaa8-015722508d01
Davis Sushi Buffet,,38.54368972,-121.73959351,5302971999,808,36.0,6ef64653-9ffd-499c-976d-1fc7969c54b9
RareTea,"207 3rd St, Davis, CA 95616",38.5436943,-121.74687809999999,+15307462635,808,81.0,72bdc3a6-dcd1-4b57-9479-5f6ec9334f6d
Don Lobo's,,38.90538,-77.057406,2023330137,4452,49.0,e8a8fec9-24c5-4249-ba8c-59ed9ddccc6d
Black Bear Diner (255 Second Street),"255 Second Street, Davis, CA 95616",38.542806299999995,-121.74469930000001,+15307564190,808,1.0,1024ff8c-ffba-4565-b6d3-0c1485eb81e5
Queens Bakehouse,"33-04 Broadway, Queens, NY 11106",40.7609011,-73.9237512,+13478433994,3210,108.0,073f58a5-f78b-4617-b47e-ef0cc22a40d8
Mr. Nicks Sub Shop,"108 SE 1st St, Fort Lauderdale, FL 33301, USA",26.1218485,-80.14180859999998,+1 (954) 647-9270,4180,13.0,86a3a670-4e82-45de-bb75-43579d99ca77
ROOH Chicago,"736 W Randolph St, Chicago, IL 60661, USA",41.88480437,-87.64717267,+1 (312) 564-4181,6994,81.0,7ada6ed2-8ccf-4b72-b97d-2171900bb2a1
Liv,,40.76007461,-73.92047883,3478080227,3210,142.0,543c2c33-837a-40b8-ab17-1a818ef5674f
New York Pizza Cafe,"2204 Elliston Pl, Nashville, TN 37203, USA",36.1515682,-86.8042322,+1 (615) 327-3663,6378,6.0,99b34376-5392-4f10-97e4-beb4deece544
Burger B*tch,"245 Pine Ave #220, Long Beach, CA 90802, USA",33.7699908,-118.1929446,+1 (562) 380-4985,756,60.0,0bf1de04-d46f-4b16-bf12-7e0fbbf8b471
Gigi Pizza,,39.94084167,-75.15130616,2674575688,1186,97.0,536faa38-7bd6-423d-a560-12eb638518c6
Jubilee Juice & Grill,"140 N Halsted St, Chicago, IL 60661",41.8840727,-87.6476054,+13124918500,6994,71.0,0e65b785-e9da-4c27-8250-cb72ebc2e7b1
Curry Spoon,"44-04 Broadway, Queens, NY 11103",40.75716,-73.91575,+19142171965,3210,196.0,89c19dfb-8bf1-4f37-846a-e0a3c21e90cf
Lynn and Lu's Escapade Cafe,"3353 Grand Ave, Oakland, CA 94610",37.8136002,-122.2469767,+15108355705,4189,69.0,b26b0a1b-ceab-445a-9ed6-044bb0fc2ed5
La Colombe Cafe,,41.88404464,-87.65188599,3127330707,6994,16.0,cad977d9-ae60-4be4-b2ce-585312ebb2b8
Bbq Bites,,38.92093658,-77.0434723,3013052586,3276,57.0,dbff1f29-88e1-4f47-92fa-b8ebcf070f2c
The Corner Alley,,41.49954223,-81.68991852,2162984070,3240,15.0,17ee04c3-027f-4f8f-b50c-4c1617832b30
Amylos Taverna,"33-19 Broadway, New York, NY 11106",40.76094000000001,-73.92305999999998,+17182150228,3210,111.0,6b15a447-ccd9-4004-920a-feabbbc82ee1
Hilo Poke & Sushi,,38.92156219,-77.04197693,2025885008,3276,64.0,2a6ed3c3-28c0-41f4-a254-3c38452d1f5d
Tanaka ramen & Izakaya,"1450 Ala Moana Blvd Ste 2054, Honolulu, HI 96814",21.29115,-157.84354,+18084000506,5919,48.0,a2c23309-08f1-4043-b065-acd2e314e5d5
The Coffee Bean & Tea Leaf (10250 Santa Monica Blvd Space 9022),"10250 Santa Monica Blvd. Space 9022, Century City, CA 90067",34.059709999999995,-118.42012,+13105578435,10896,8.0,4981a422-3f72-4612-8516-99d8ee0f7fc5
Osteria Al Volo,,38.922692,-77.042198,2027580759,3276,5.0,10ea5c3d-ebae-41b8-9004-c63bcd3b40f3
The CheeseSteak Factory,"431 South Street, Philadelphia, PA 19147",39.94192,-75.15024,+12675193905,1186,59.0,5e3d2b65-3ac4-4193-b42a-6bd7c101bd6f
Jyoti Indian Cuisine,"2433 18th St NW, Washington, DC 20009, USA",38.921392499999996,-77.04185279999999,+1 (202) 518-5892,3276,15.0,f82fbae4-4bcb-4e31-8080-2e1c8e408ac7
Dirty Root,"939 W Randolph St , Unit 1W, Chicago, IL 60607",41.8840586,-87.65132729999998,+14025980240,6994,85.0,4b26b019-5bea-4edf-9af6-08a853bb5120
The Damel,"76 Oakland Smog, 3220 Lakeshore Ave, Oakland, CA 94610, USA",37.8101018,-122.2453429,+1 (510) 282-7720,4189,40.0,84bef621-81a9-4512-8152-91b4744d3814
Promenade Cafe,"111 E Ocean Blvd, Long Beach, CA 90802, USA",33.7675555,-118.19169720000001,+1 (562) 437-5900,756,84.0,0ecb318a-d90f-4267-9cf3-6354d45b454e
Los Perros De Chucho,,40.75502777,-73.92156983,3478089200,3210,40.0,68431c9f-9d9c-47e3-a85e-33223f387801
First Watch (Downtown),"520 Tampa Street, FL 33602",27.9487028,-82.4595196,+18133079006,12148,60.0,0d7b634c-f6db-4bb0-bf99-04d50c9d159a
Pressed - Bunker Hill,"350 S Grand Ave, Los Angeles, CA 90071",34.051473200000004,-118.2516442,12133461460,1627,53.0,2ca75d6c-78ca-4e8a-88a5-3268b03b32dc
Annoula's Kitchen,,39.27681732,-76.61324311,4438354494,2572,50.0,afc3b29b-e6c1-4e4d-9051-cbaeab64d045
McDonald's® (Adams Morgan),"2481-83 18th St Nw, WASHINGTON, DC 20009",38.9225926,-77.042454,+12023321805,3276,3.0,e85e08a3-643e-4b82-a6f8-6f47319b50b7
Jersey Mike's Subs,"University Village, 1223 University Ave, Riverside, CA 92507, USA",33.97600658,-117.33769840000002,+1 (951) 289-9541,15399,27.0,05625b69-7344-422f-99a0-1bbff0091d94
Fresko market,"Fresko Market, 321 NE 26th St #05, Miami, FL 33137, USA",25.8019169,-80.1886835,+1 (786) 269-5952,981,73.0,94b6090c-63cc-4f2c-b5a8-ecc1cf2457cc
Baked & Wired,,38.90398788,-77.06029511,2025588995,4452,55.0,4412a3dc-e15f-42b9-ac3c-d4ba431513cd
Memom's Breakfast Nook,"431 South Street, Philadelphia, PA 19147",39.941926099999996,-75.1503412,+12675193905,1186,55.0,75e2e88a-3634-4ffa-9a93-4b9e065c6203
Gran Forno Pronto,,26.11903762,-80.13625336,9545336276,4180,42.0,07ddec9b-b802-4f2d-904b-844e081f22d7
Biryani Factory,"116 21st Avenue, Nashville, TN 37203",36.15128,-86.80155,+19142171965,6378,49.0,02901661-cf91-408c-b664-f8ece89fcfcf
Taqueria El Burrito,"223 F St, Davis, CA 95616, USA",38.5441654,-121.7405575,+1 (530) 756-1606,808,40.0,c941ada6-ffeb-4d6a-a767-57051c23c60c
Terrific Wings,,40.800009,-73.94048000000002,6465599306,7424,26.0,ce2b3eaa-7b52-4b29-b00c-d41bd048ea3f
Chen’s Poke,,41.03255462,-73.76833344,9148315566,268,38.0,4e029321-e6b0-49cf-95b3-c2d16233de08
Tessera Greek Kitchen,,41.88665771,-87.64836121,3124388642,6994,102.0,9bb3ae80-8622-40f1-8942-37fd6cea0b05
Hong Kong Kitchen,"25-10 Broadway, Queens, NY 11106",40.762904,-73.927745,+17187268482,3210,69.0,96ec981c-9f8b-46d3-830c-ae090145cbd6
Pro Flowers (711 N FRANKLIN ST),"711 N Franklin St, TAMPA, FL 33602",27.950409999999998,-82.45877,+18132249009,12148,80.0,09f8baae-38cf-4c61-9ce1-ea11026af20a
New 99 Cents Mega Pizza,"1875 Lexington Ave, New York, NY 10035",40.7989297,-73.9411474,+12123690369,7424,7.0,79ea9fa0-011e-49d8-8055-8611f0a39b9e
Yogurtland,"Yogurtland, 1242 University Ave suite a, Riverside, CA 92507, USA",33.975387,-117.338071,+1 (951) 683-1950,15399,23.0,4ca12482-2c00-4295-a428-4fcf8fe25218
Villa Morelianas,,34.05065536,-118.2487946,2137250848,1627,30.0,04073031-239c-4c04-abbb-ae5516d157c5
Sweet Creams,"1430 Kona St, Ste 102, Honolulu, HI 96814",21.29306,-157.84363000000005,+18082604725,5919,88.0,40d64e31-00e1-46f9-851f-75ceccfc0757
Jusco Japanese Restaurant,"Jusco, 228 G St, Davis, CA 95616, USA",38.5445598,-121.73899909999999,+1 (916) 943-5765,808,22.0,9de53d81-2b40-44da-a256-050a5f608f03
Ramen-San,"219 N Green St, Chicago, IL 60607",41.8862302,-87.648286,+1 (773) 645-0085,6994,87.0,1902f312-f966-40d7-b96d-8a1ddd2a0351
Toast & Roast,,40.76153754,-73.92421119,7187770997,3210,106.0,7af6caec-0140-4a2e-9399-5f01293ad27b
Cheebo Express (245 Pine Ave),"245 Pine Ave, Long Beach, CA 90802",33.7699,-118.19301999999999,+12134213260,756,62.0,190c964b-968c-418d-983e-3102eb0a9e30
Uncle Chuang's Bakery,"Uncle Chuang’s Bakery, 3740 Iowa Ave #109, Riverside, CA 92507, USA",33.9772445,-117.3394497,+1 (626) 862-9191,15399,8.0,a20db810-2c50-48e6-b0ec-75280d8ddb9a
Pizza By Any Means Necessary,,37.81029129,-122.24648285,5102509434,4189,5.0,d8e3936b-e97e-4423-b82f-f5af775748c3
133522025-551330662951332341,"305 E Polk St, Tampa, FL 33602, USA",27.950676399999995,-82.4587994,,12148,81.0,48861105-a9ff-4a9d-a2b1-1e1a1c5af3f4
7-Eleven (1111 Light St),"1111 Light St, Baltimore, MD 21230",39.276709999999994,-76.61178000000002,+14109625730,2572,51.0,d72dcb23-eeff-48cd-8aea-7f93b8ec8885
Guajillo Restaurant Corp - East Harlem,"2277 1st Avenue, New York, NY 10035",40.7968658,-73.93502159999998,+16469129971,7424,55.0,0d0bc5e5-b336-4e11-af02-5cf2c01e2b90
Addys Restaurants,,41.50090026,-81.69549561,7022021002,3240,92.0,e3c05214-397f-4324-a755-dd10782b1643
Asiago Grilled Cheese,,34.052145,-118.251985,2132299030,1627,49.0,c9194328-4d0d-44b6-bb80-91bbb867235a
Om Nom Cafe,,34.05155944,-118.2549896,5625511755,1627,62.0,6eaeb9c1-c450-4138-80a6-e11c58477e5f
Botte Bar,"25-07 Broadway, Queens, NY 11106",40.7634378,-73.9279445,+17184339079,3210,72.0,666df4c0-3d13-4f36-a7d5-2e718c156cda
Jam-Eng Jamaican  and English ,"65 North Orange Avenue , Orlando, FL 32801",28.5434,-81.37892,+17185010759,7683,9.0,0c358a43-95c4-4b51-b938-03d43ff35fec
Sam's Crispy Chicken,"Umami Burger West Loop, 945 W Randolph St, Chicago, IL 60607, USA",41.8840808,-87.6515762,+1 (312) 226-9919,6994,25.0,2caf8514-a570-451c-88b8-16ff0d8409b5
Walter's Hot Dogs,"186 Mamaroneck Ave, White Plains, NY 10601, USA",41.028150200000006,-73.76519420000002,+1 (914) 397-9406,268,76.0,32673745-3021-4032-a726-9a1c72bb4318
Under The Sun,"244 E 3rd St, Long Beach, CA 90802",33.77037,-118.18975,+15629127500,756,26.0,9eabbace-4687-462a-be83-bb183352513f
Polleria y Pupuseria,"1101 Light St, Baltimore, MD 21230",39.2770116,-76.61225,+14437594193,2572,53.0,aa1b9a86-8ae4-4fb8-97a9-162f96618b19
Eggs 'n Things,"Eggs 'n Things Ala Moana, 451 Piikoi St, Honolulu, HI 96814, USA",21.293298,-157.84618400000005,+1 (808) 538-3447,5919,99.0,4ebb43e4-a683-47c1-880a-1906bebc90dd
Mitaki Japanese Restaurant,"149 E 4th St, Long Beach, CA 90802",33.77187,-118.19106000000001,+12132654100,756,9.0,82caafdf-968f-4361-8015-37da568c1605
Brooklyn Calzones,"431 South St, Philadelphia, PA 19147, USA",39.941976399999994,-75.15027409999998,+1 (267) 519-3905,1186,67.0,bf1a4258-bd3a-49ce-8694-9b454647deef
BLVD,"BLVD Steakhouse, 817 W Lake St, Chicago, IL 60607, USA",41.885407,-87.648237,+1 (312) 526-3116,6994,84.0,39806902-04c3-4475-892b-305e86dd3cca
7 Leaves Cafe,"7 Leaves Cafe Riverside, 1201 University Ave STE 101, Riverside, CA 92507, USA",33.9767457,-117.3375325,+1 (951) 530-8666,15399,39.0,6410e15e-fd9b-427d-ad11-11dec61e7cec
Fusion Bowl,,27.94859886,-82.45578003,8132220102.0,12148,3.0,7903f84a-8a1f-4202-a11f-f911ce6087ef
Flat Bread Neopolitan Pizzerria,"2121 S Mcclelland St, Salt Lake City, UT 84106",40.724953799999994,-111.86079299999999,+18014672180,7004,19.0,fb734214-c310-401a-bafd-e1cdc73fd27d
Prince Tea House,"31-47 Steinway St, Long Island City, NY 11103, USA",40.7600465,-73.9177929,+1 (929) 208-0072,3210,7.0,97097f40-4f6e-4f8b-b35d-afdc2963bd0f
Junko Sushi,,40.761062,-73.923767,7187771588,3210,107.0,e3fab8e9-0f28-4a41-84da-c1cdb9876890
Brix And Bones Restaurant And Bar,"1217 Hopaka St, Honolulu, HI 96814, USA",21.2943802,-157.8475241,+1 (808) 387-5668,5919,107.0,00d0a0e6-bf8b-4b65-b390-bf0a81acfe8c
Crazy Burritos,"2429 18th St NW, Washington, DC 20009, USA",38.921275099999995,-77.0419159,+1 (202) 838-3280,3276,20.0,a2c5a7c8-f567-45fc-bb6b-6b20513c5e31
Golden Empress Garden,,39.942015999999995,-75.152907,2156277666,1186,103.0,9800cf52-4b3d-47f7-80cb-6e2735d79851
d & f italian deli,,40.76035187,-73.92145472,7187282422,3210,53.0,13d9555c-9c5b-4aa5-a773-6d8d062f4c13
Kabab & More,,34.0504679,-118.2484616,2136210443,1627,10.0,42fbfc47-9691-46c7-8566-6628011a148d
Woodstock's Pizza,"219 G St, Davis, CA 95616, USA",38.544197,-121.739337,+1 (530) 757-2525,808,28.0,e52497d8-87bf-4617-ba9a-16d3c81fe51d
Monkey Bar,,28.54250144,-81.3785019,4074811199,7683,19.0,827a3e9a-4e43-4d91-9c2f-6ad28b17c6c0
Bittersweet - Time Out Market Chicago,"916 W Fulton St, Chicago, IL 60607, USA",41.8869547,-87.65045450000002,+1 (907) 303-0761,6994,29.0,d91f97f1-90b4-45e2-a1b6-e621e3de42d7
101 Baltimore,,39.27629089,-76.61471558,4436829480,2572,8.0,b9a8fe5c-3358-4f64-a0ec-b3528f096e15
Michaelangelo's Pizza,,36.1519753,-86.804071,6153292979,6378,37.0,daae683b-c52f-47d6-ad53-69a9baa9daef
Booeymonger,"3265 Prospect St NW, 3265 Prospect Street Northwest, Washington, DC 20007, USA",38.9061009,-77.0650443,+1 (202) 333-4810,4452,25.0,ac53c33e-96ae-494e-8ed3-115705b76311
Ellie's,,33.77066736,-118.19078190000002,5624364344,756,29.0,cdef325b-7bad-42ee-b6d6-a3e663257323
"Flipside Burgers, Fries and Shakes",,37.81134414,-122.24315644,5108797195,4189,59.0,a2a74bdd-5a28-4ee6-aea6-10d2de539885
King Restaurant & Bar,,21.294307699999997,-157.8447113,8089579999,5919,94.0,455b919b-1a64-4410-b739-b1f8f334ed2f
Haymarket Pub & Brewery,,41.88412857,-87.64724732,3126380700,6994,74.0,d74ff99c-d788-4435-8fc7-e05a02537f6c
Tampa Pizza Company (Downtown),"777 N Ashley Dr, C, On Tampa St, Tampa, FL 33602",27.949715299999998,-82.459978,+18134631600,12148,62.0,78b90518-18e7-4349-91a9-39a30c8e9d74
Music City Tots and Fries,,36.15140533,-86.80166626,6292370358,6378,68.0,46e119e7-cec1-4fd5-9305-4299d346be74
Amsterdam Falafelshop,"2425 18th St NW, 2425 18th Street Northwest, Washington, DC 20009, USA",38.92118170000001,-77.0418886,+1 (202) 234-1969,3276,22.0,150b75c5-1160-4ee2-ad97-3f7c2ae685c1
Eatzy Thai,,40.76119613,-73.92327118,7189567117,3210,113.0,b6ea1504-6ec1-4294-8e57-cfecdfe19930
Wawa,"1222 Wisconsin Ave NW, Washington, DC 20007, USA",38.9058453,-77.0632371,+1 (202) 559-2717,4452,22.0,decd5608-55e6-4b29-b0f2-04a6d7baaf66
Charleys Philly Steaks (Ala Moana Shopping Center),"1450 Ala Moana Blvd, Honolulu, HI 96814",21.29104,-157.84317,+18089452687,5919,44.0,f90ac38e-ffbe-40da-81f0-e5700cfc3018
Oriental Express,,27.9478836,-82.45530701,8132249888,12148,5.0,644b4bca-b45d-419f-a7e4-8f0b8c33af46
sweetgreen,,34.05079269,-118.2538986,2136283109,1627,61.0,eff617c4-c5c1-4392-bc6c-275b7d910e5b
Vale Food Co,,27.9486618,-82.45813752,8133741370,12148,45.0,99f23d02-3651-4428-8e41-35f7ffe87429
Water Fusions,,40.72279839,-111.855551,8014861523,7004,47.0,fa517dc3-2edd-42a9-be2e-de89cc5fbbc4
Falafel Place,"204 Mamaroneck Ave, White Plains, NY 10601",41.02768,-73.76496999999998,+19149020062,268,78.0,f0de343e-aaf2-4032-a9bd-911ea3a33fdf
ChiFa,"401 E Las Olas Blvd , Suite 150, Fort Lauderdale, FL 33301",26.11995,-80.13906,+19546563663,4180,23.0,fa3d8312-2777-4e71-9387-9069390519f0
Mishka's Cafe,"610 2nd St, Davis, CA 95616",38.5431211,-121.74054280000001,+15307590811,808,3.0,1600f79c-4c15-4dbe-8400-c6bfd97afa66
Boathouse at the Riverside,,26.11903762,-80.13589478,9543775494,4180,40.0,a8b35775-5032-4fac-ae67-9e3e1c2d4857
Russell's Convenience (City National Plaza),"505 Flower St, Los Angeles, CA 90071",34.0509,-118.25686,12134895950,1627,1041.0,6bbbe57c-ade3-4f68-8b19-01d35442e170
Vinos On Las Olas,"901 East Las Olas Boulevard, Fort Lauderdale, FL 33301",26.11953681,-80.13374008,+19547656730,4180,48.0,9373d922-78ee-4ff1-9811-fd1abb23e2e8
Southside Burger Bar,"1065 S Charles St Stall#122, Baltimore, MD 21230, USA",39.276818299999995,-76.61324590000002,+1 (443) 388-8321,2572,42.0,9e2be9e4-f9be-4644-a7dd-dbbc36edb70d
Moon Frog Arepas,,27.94807815,-82.45713044,8137780202,12148,36.0,33572451-62c2-43ad-88e1-9270e9ba12ec
123 Pho,,33.77032852,-118.1907196,5625526677,756,33.0,12b6476c-455a-4e2e-a243-a7d8ab2f3854
Taste Tea - Honolulu (1391 Kapiolani Blvd),"1391 Kapiolani Blvd, Honolulu, HI 96814",21.29355,-157.84385,+18089518288,5919,1.0,b4bb28a9-64db-4a23-b05b-02387520e409
West Loop Liquor,,41.88544082,-87.64714051,3126249398,6994,94.0,0ae07c89-30bf-4f7e-9165-a724bf6af1ab
Thai Fresco,"40-05 Broadway #4005, Astoria, NY 11103, USA",40.75896229999999,-73.9185095,+1 (917) 685-2120,3210,172.0,07835613-334f-4b93-975b-a7fde6ec2a00
Orleans and York,,34.0497154,-118.24797029999999,2136870400,1627,7.0,79bc8ae9-d55a-4ea0-80fb-a39579ac4433
UNO Pizzeria & Grill,,40.75580215,-73.92311097,7187068800,3210,31.0,5202e8de-ef4f-4929-8d9f-f9a3d9ca9502
Freshly Baked - Cookies and Treats (Oakland),"536 Lake Park Ave, Oakland, CA 94610",37.810340000000004,-122.24677,+15102509434,4189,3.0,f46a9fab-4c4a-42b0-81a5-2659f06718d7
Churriño Gourmet Dessert,"345 The Promenade N # F105, Long Beach, CA 90802",33.771067200000005,-118.19072129999999,+16502848902,756,17.0,0f5d6a02-37a1-4f32-bf86-0e1d83921be1
Chipotle Mexican Grill (250 Main St Ste 101),"250 Main St Ste 101, White Plains, NY 10601",41.03319860000001,-73.76440699999998,+19149484826,268,13.0,3e69506f-1eef-4a93-aed3-ad3a29443ed1
Sharetea,,38.54382324,-121.73992920000002,5305647479,808,38.0,f5ec0e90-91f1-4406-b433-7dd28861302c
BTW,"1062 Thomas Jefferson St Nw, Washington, DC 20007",38.904421,-77.060266,+12026449340,4452,13.0,6d471aa7-b436-4fa7-92a9-cc7282bc911d
Kilwins - (Ft. Lauderdale),"809 East Las Olas Boulevard, Fort Lauderdale, FL 33301",26.119399899999998,-80.1350765,+19545238338,4180,45.0,eafc292c-7af8-4317-9eb6-49030a5797c0
Famous 4th Street Delicatessen,"Famous 4th Street Delicatessen, 700 S 4th St, Philadelphia, PA 19147, USA",39.9404829,-75.14963259999998,+1 (215) 922-3274,1186,93.0,54347283-4124-48a2-8eef-335440697bac
m2o Burgers & Salads (Philadelphia),"703 S 5th St, Philadelphia, PA 19147",39.940285700000004,-75.1508748,+12679308388,1186,94.0,0feeb58b-65c1-41a8-a7d2-7a138345b2ea
The Hungry Greek,"808 N Franklin St, Tampa, FL 33602",27.950899800000002,-82.45954870000001,+18134432251,12148,76.0,576db888-e6ff-4909-a168-af905ce6cb9b
Wild Sea Oyster Bar and Grille,,26.11869621,-80.13639832,9544672555,4180,41.0,b9342cdd-5384-4d61-b089-bb9ab917f22b
Bestolli,,38.92190933,-77.04202271,2024620222,3276,6.0,7a5496d1-06a6-4111-9089-580bead21855
Morton's The Steakhouse,"Morton's The Steakhouse, 5 Mamaroneck Ave, White Plains, NY 10601, USA",41.0324977,-73.7664346,+1 (914) 683-6101,268,28.0,1d2ccc65-36f8-4b87-bf3b-5bb0c6202c12
Matsuri,"Matsuri Restaurant, 1105 S Charles St, Baltimore, MD 21230, USA",39.276507,-76.614135,+1 (410) 752-8561,2572,13.0,89f74242-289d-4fa3-a18e-895f180854e4
Poke Bar,"Poke Bar, Two California Plaza, 350 S Grand Ave, Los Angeles, CA 90071, USA",34.05141500000001,-118.25163400000001,+1 (213) 613-9972,1627,51.0,24c5b002-2c00-4015-91ff-d4d66333eb7a
All About Crab,"2699 Biscayne Blvd, Miami, FL 33137",25.8026471,-80.1888697,+13055761262,981,4.0,14251ccf-7dac-4b44-8b4c-852016e7bffa
Angel Pasta (245 Pine Ave),"245 Pine Ave, Long Beach, CA 90802",33.7699,-118.19301999999999,+12134194530,756,12.0,913d095a-dba4-4944-842d-05d177bec9fb
Kress Market,"443 Pine Ave, Long Beach, CA 90802",33.7724,-118.19276,+15624368300,756,2.0,a4c20b82-6814-4978-887f-ce440a2ffd35
Shiki Sushi And Yakitori,"187 Main St, White Plains, NY 10601",41.032594700000004,-73.7681126,+19142880070,268,34.0,2013195b-e86c-4a44-a80c-753231cceb99
Nobu,"Nobu, 854 W Randolph St, Chicago, IL 60607, USA",41.8847503,-87.6494674,+1 (312) 779-8800,6994,69.0,812ff53c-b48b-4cdc-8cd6-2e23337b08fb
Panera Bread,"609 3rd St, Davis, CA 95616, USA",38.5448083,-121.74080900000001,,808,30.0,ba1997a9-c3e7-4d4b-912d-57144d2cc0e8
Himalayan Heritage Restaurant,"2305 18th St Nw Ste 1, Washington, DC 20009",38.9198249,-77.0414434,+12024839300,3276,46.0,3650d765-4b11-4a19-8fd2-73fd8af89079
Sophia's Thai Kitchen,"129 E St, Davis, CA 95616, USA",38.5426809,-121.7412075,+1 (530) 758-4333,808,62.0,96c06537-e9f4-4a32-ab01-6e0773f2ce76
Tepe's Kitchen,"Tepe’s Kitchen, 120 E Post Rd, White Plains, NY 10601, USA",41.0284359,-73.7666733,+1 (914) 437-9024,268,82.0,b494568a-bc07-44c8-aaa7-655c5d24f10e
QDOBA Mexican Eats,,36.15028381,-86.80063630000002,6153409039,6378,81.0,a7a02149-84e9-4bac-9dce-7d6d1c9cd42d
Rice Crook,,39.27681732,-76.61324311,4437088408,2572,43.0,bc7e549c-9141-4804-8672-2ea2e229ca56
Santiago's Beer Garden,,40.79851913,-73.93386078,2129206165,7424,2.0,5d220abe-c4f0-4455-9625-ab99e52c03fe
Cantina Taqueria & Tequila Bar,"166 Mamaroneck Ave, White Plains, NY 10601, USA",41.0285349,-73.7653206,+1 (914) 461-3959,268,74.0,1e07a01c-6e8d-4d9b-97f8-3b7b333cc934
Manjares Mexico,,40.757334,-73.91550600000002,7184298933,3210,205.0,24a83724-af88-44ed-9b2e-d80a55d57aa1
Donburi cafe,"245 Pine Ave 120, Long Beach, CA 90802",33.7700014,-118.1926466,+15626121662,756,49.0,89f1e183-7e7e-441e-ae56-a6f1c107bf57
Sofi’s Cafe,,26.12189674,-80.14089966,9545249038,4180,11.0,d2a3f0d6-bbb4-47e1-8757-9fa8c2496e23
Lemonade - S Flower St,"505 S Flower St, Los Angeles, CA 90071",34.051477,-118.256774,12134880298,1627,81.0,c515b54e-022f-459f-9914-f90f859ea59f
Habana Village,"1834 Columbia Road Northwest, Washington, DC 20009",38.9217391,-77.0431401,+12029751927,3276,29.0,2a7a50bd-a719-4f05-9577-6f8b39fc4fd8
Luna Asian Bistro and Lounge - Astoria,"32-72 Steinway St, 6fl, Astoria, NY 11103",40.7573147,-73.9206882,+19178327911,3210,118.0,26ad323d-94ae-425a-8639-61dc312dff4a
Pizza Mart,"2445 18th St NW, Washington, DC 20009, USA",38.9217055,-77.0419978,+1 (443) 962-9979,3276,49.0,f11dba00-bc1b-4bfb-8020-2f9bda972fc4
Le Gourmet Break,"150 S Magnolia Ave, Orlando, FL 32801, USA",28.540764799999998,-81.37764820000002,+1 (407) 371-9476,7683,43.0,88c0cdba-66b3-44f7-83d3-97498ecd5503
Light Street Cafe,"1121 Light St, Baltimore, MD 21230",39.27652,-76.61203,+14436828246,2572,52.0,3ecfeaf0-e526-4abd-a17c-eb764cb10665
Eye Heart Pizza,,36.15156936,-86.804245,6154147116,6378,8.0,49817f82-af60-49f2-976d-90cb9aaec6fd
McDonald's,,40.7594223,-73.91820527,7182671343,3210,10.0,98da038f-2b35-48e7-a5a9-b350dca8332d
Uno Pizzeria & Grill - Astoria,"37-11 35th Ave, NY 11101",40.755741799999996,-73.92298890000002,+17187068800,3210,31.0,5202e8de-ef4f-4929-8d9f-f9a3d9ca9502
Thick N' Tasty Pizza,"536 Lake Park Ave, Oakland, CA 94610",37.8102609,-122.24658000000001,+15102509434,4189,8.0,3bf16654-ff10-4d04-80ff-bec9d599459e
Slice on Broadway,,40.75901794,-73.91947175,3472010720,3210,143.0,32305d74-296a-44ad-86d4-af515ad8f698
Philly Calzones,"431 South Street, Philadelphia, PA 19147",39.9419864,-75.150263,+12675193905,1186,63.0,0f7db1de-8525-4b9b-b44d-40d446c49594
Sweet Habit,,40.75708007,-73.91439820000002,3475272602,3210,194.0,629b3921-5410-4499-abd5-bf14d311fcbf
The Franklin Manor,,27.95176506,-82.46002198,8134879990,12148,82.0,993e2a89-4e93-4320-8146-9642a9fe2d8f
Berlin Currywurst,,34.050155,-118.24896399999999,2136283455,1627,6.0,49e7e570-a049-4ccf-8315-3ff1288061e7
Japanese Ramen Sushi Rice Bowl Appetizer Boba Drinks,,40.72468185,-111.85980990000002,8017588950,7004,29.0,08504c1f-fc2f-4018-b8a6-43509e4236e4
Hlopez market place Corp-NYC,"3072 Steinway Street, New York, NY 11101",40.75535,-73.92203,+16462298940,3210,39.0,643a96ba-731d-4df8-b4a5-3aeb86a0e77b
Made In Italy,"2875 NE 2nd Ave, Miami, FL 33137, USA",25.8040043,-80.1907975,+1 (305) 896-3693,981,17.0,35745cc3-24fb-4d22-bb1b-355f46911c6e
Lite Bites,,40.759065,-73.91891,7187281133,3210,160.0,2c7d9659-804a-4756-95dc-05be8cde4e81
Sakana Premium Sushi,,39.94068145,-75.14597321,2159222149,1186,22.0,66ee214a-bdd5-49c6-a504-775f6985bf97
Latin Cafe 2000,,25.80114,-80.18915799999998,3055763838,981,66.0,10998c85-731c-4757-8f6a-290ebf80cb63
Formentos,,41.8840524,-87.65079659999998,3126907295,6994,14.0,5eee719f-3b02-4762-801d-7e48454de5d5
Wakana sushi,"404 S Figueroa St, Los Angeles, CA 90071",34.0527278,-118.2558466,12132000701,1627,66.0,4a56cecd-7245-43b6-8a5d-c52af7c6a87f
The Cheesesteak Factory,"Jim's South St., 400 South St, Philadelphia, PA 19147, USA",39.9415536,-75.14931340000003,+1 (267) 519-3905,1186,59.0,5e3d2b65-3ac4-4193-b42a-6bd7c101bd6f
Bodega Spanish Tapas & Lounge,"3116 M St Nw, Washington, DC 20007",38.9051249,-77.0617702,+12023334733,4452,19.0,816b0977-3806-4010-a479-6efbef9f33c4
Bestolli Pizza,"2455 18th St NW, Washington, DC 20009, USA",38.9219086,-77.0420203,+1 (202) 462-0222,3276,6.0,7a5496d1-06a6-4111-9089-580bead21855
Congregation Ale House,,33.76926803,-118.19109350000001,5624322337,756,45.0,aab9af95-c600-4aeb-8cba-078021e339af
Oliver's Astoria,"37-19 Broadway, Queens, NY 11103, USA",40.759588,-73.919761,+1 (718) 806-1476,3210,139.0,80d61864-7759-48d6-bee5-cf7185a9ee00
Abi Sushi,"32-71 31st St, Astoria, NY 11106",40.76001,-73.92655,+17186268881,3210,5.0,5f5cfab8-75f4-4c4e-881b-3b5e8dda3238
Uno Pizzeria & Grill,"Uno Pizzeria & Grill, 37-11 35th Ave, Long Island City, NY 11101, USA",40.7558004,-73.9231104,+1 (718) 706-8800,3210,31.0,5202e8de-ef4f-4929-8d9f-f9a3d9ca9502
El Pollo Loco,,34.05096054,-118.2478027,2136267975,1627,2.0,96344a2f-c20f-415d-bf26-793ff34beff7
The Ice Cream Shop,"2500 NE 2nd Ave, Miami, FL 33137, USA",25.8009353,-80.1911506,+1 (786) 953-6661,981,60.0,d6f18c10-4043-49f3-bab6-2f0a6ae0b8cc
new york pao de queijo,"New York Pao De Queijo, 31-90 30th St, Astoria, NY 11106, USA",40.762687899999996,-73.92610340000002,+1 (718) 204-1979,3210,79.0,360e475c-3e0c-43a6-aeb2-1639a576fdee
Boney Fingers BBQ,"401 Euclid Ave, Suite 54, Cleveland, OH 44114",41.49998520000001,-81.6903016,+12167368760,3240,75.0,f25b7d36-97f6-47db-a2ca-0ae3b6d21952
Johnny Rockets (#153),,38.905189,-77.061814,2023337994,4452,20.0,8fac9e33-a065-4f7a-a5b2-e095404ebeae
Birria Birria,"BIRRIA NYC, 40-05 Broadway, Queens, NY 11103, USA",40.75896229999999,-73.9185095,+1 (718) 440-9100,3210,148.0,45fe7727-7862-4ded-8121-d5fea8288965
Angolo Ristorante Italiano,"2934 M St Nw, Washington, DC 20007",38.9050485,-77.059028,+12022629047,4452,6.0,a0e01e77-575a-4530-9fe6-50fe2113d74f
Fish's Wild Island Grill,,38.54302215,-121.74128724,5307538883,808,2.0,6801aee2-59d5-44bc-8794-c8c3b0fc4bce
Drunken Chicken and Burger,"25-30 Broadway, Astoria, NY 11106",40.76276970000001,-73.927565,+19295220171,3210,80.0,61b622ed-b4d1-4c9d-a38c-240fa06c32f1
Thighstop,"2113 Elliston Pl, Nashville, TN 37203, USA",36.1515847,-86.80326190000002,+1 (615) 956-2501,6378,62.0,8b1f589a-2e59-48e0-b7b0-aaea811bc12e
Wonder Bar,,41.49899291,-81.69023133,2162984050,3240,45.0,3ad1ad0f-3326-4a0d-baca-5efb767fbc46
Michael's Downtown,"210 E 3rd St, Long Beach, CA 90802",33.77022,-118.19093000000001,+15624912100,756,37.0,bc0a3ce7-2d74-442d-a8bf-2b7d82e8f608
New York Diner,,40.75350200000001,-73.91340600000002,7186268857,3210,175.0,dddc9571-8f32-47cf-acf0-c50cf4efa378
Cheese Galore and More,,39.27681732,-76.61324311,4102445515,2572,11.0,08237094-cd01-4ce7-9b16-949134ebdc3a
Waitiki Retro Tiki Lounge,,28.54250144,-81.3785019,4074811199,7683,20.0,87feaa5f-5fda-4936-9306-8d57cf65a073
BurgerIM,"Regency University Village 10, 1201 University Ave, Riverside, CA 92507, USA",33.976833500000005,-117.3375757,,15399,30.0,9160fa00-73af-4785-8375-b9293711d13e
Smashburger,,40.72515487,-111.8616104,8014780158,7004,8.0,847ccf83-1b5b-4eb1-96a5-9e9f6531ab9a
Underground Public House,,28.54164505,-81.37894440000002,4078414000.0,7683,45.0,5bf59512-5b59-4054-94df-5519d81fe3e7
Taco Bell,,40.79844284,-73.94054413,8889029211,7424,14.0,9cf4f062-84dd-457a-a177-1e542d4a9258
The Meltdown,"1245 University Ave, Riverside, CA 92507, USA",33.9760652,-117.3387649,+1 (951) 684-6171,15399,14.0,740b155e-1f44-4ef9-b77b-7912ef516dac
Riossi Pizza Due,"1901 Lexington Avenue, Frnt #3, New York, NY 10035",40.800059999999995,-73.940353,+16465591300,7424,60.0,286eaa27-655d-4196-8092-de840be3fdbd
Restaurant Ambra,,39.94032287,-75.14929963,2678589232,1186,91.0,bb307947-6b7f-4fc0-8568-bfdfea72a391
Chez Faby,"500 N Tampa St, Tampa, FL 33602, USA",27.9482386,-82.4593399,+1 (813) 221-4795,12148,13.0,fb7752e5-2d2c-46dc-ac5b-a69410cd1e32
Three Ladies Cafe,"130 G St Suite A, Davis, CA 95616",38.5434408,-121.73859180000001,+15303023434,808,32.0,71c51e36-703e-4b13-bc2b-02866a18acf9
Duckweed,,27.95066642,-82.45999909,8132213825,12148,70.0,aa62d83c-5866-4dee-b64b-a5a7535c25ff
U Roll Sushi,"U Roll Sushi, 100 E Pine St Suite 100, Orlando, FL 32801, USA",28.541104999999998,-81.3770863,+1 (407) 930-2311,7683,35.0,bc21fb59-e9dc-457f-8b51-f00ba1118894
Ambadi Kebab & Grill,"141 E Post Rd, White Plains, NY 10601",41.02854,-73.765738,+19146862014,268,75.0,755e1327-8849-4410-adeb-48221ffbaf4c
Daybreak Cafe,"45-01 34th Ave, 45-01 34 ave; Queens, NY 11101",40.7548574,-73.916624,+1 (646) 964-7037,3210,182.0,563363fb-691f-475f-ab18-46731259509e
Ike’s Love & Sandwiches - Davis,"212 F St, Davis, CA 95616",38.543935499999996,-121.73980619999999,+15307462526,808,35.0,c2aa1825-8421-4cb3-a45f-65c877734e64
Fiore & Tony's,,41.5002098,-81.69453431,4402936148,3240,94.0,8153fc70-7e9b-4401-94a8-abcfdd565baa
Cold Stone Creamery,"2126 Highland Dr, Salt Lake City, UT 84106, USA",40.724342799999995,-111.85981509999998,+1 (801) 485-1203,7004,25.0,94d2864a-dc44-4156-94ec-3e14435f89e8
Brangus Brazilian Steakhouse,,25.80293655,-80.19153595,7868325599,981,35.0,d13f1485-4683-413e-8814-8471dbc5df80
Burgerim,,38.54357147,-121.74085236,5302315059,808,49.0,352b09cb-64b6-42d0-889b-e2299e9cd1d5
Philly Calzones,"431 South Street, Philadelphia, PA 19147",39.94192,-75.15024,+12675193905,1186,63.0,0f7db1de-8525-4b9b-b44d-40d446c49594
Salt and Pepper Cafe,"1341 Kapiolani Blvd, Honolulu, HI 96814",21.294061,-157.8455714,+18082210557,5919,96.0,5415b5c7-3102-41c2-8341-47f1a056ae3d
Loading Zone Philly Steaks,"24 E Washington St, Orlando, FL 32801",28.5434403,-81.3785121,+16465411733,7683,5.0,c774b366-276c-4452-a663-30b72130f44d
Organic Sandwich Company,"Organic Sandwich Company, 1500 Pearl St f, Boulder, CO 80302, USA",40.0185599,-105.2753313,+1 (720) 639-3986,45417,3.0,8328514e-a183-4694-8128-922577f9db37
